Login,Regit,id
2016/11/1 星期二,2016/11/1 星期二,1
2016/11/1 星期二,2016/11/1 星期二,21
2016/11/1 星期二,2016/11/1 星期二,32
2016/11/1 星期二,2016/11/1 星期二,38
2016/11/1 星期二,2016/11/1 星期二,48
2016/11/1 星期二,2016/11/1 星期二,55
2016/11/1 星期二,2016/11/1 星期二,81
2016/11/1 星期二,2016/11/2 星期三,45
2016/11/1 星期二,2016/11/2 星期三,59
2016/11/1 星期二,2016/11/3 星期四,3
2016/11/1 星期二,2016/11/3 星期四,97
2016/11/1 星期二,2016/11/4 星期五,32
2016/11/1 星期二,2016/11/4 星期五,48
2016/11/1 星期二,2016/11/4 星期五,91
2016/11/1 星期二,2016/11/5 星期六,10
2016/11/1 星期二,2016/11/5 星期六,46
2016/11/1 星期二,2016/11/5 星期六,48
2016/11/1 星期二,2016/11/5 星期六,65
2016/11/1 星期二,2016/11/5 星期六,79
2016/11/1 星期二,2016/11/6 星期日,45
2016/11/1 星期二,2016/11/6 星期日,99
2016/11/1 星期二,2016/11/7 星期一,43
2016/11/1 星期二,2016/11/8 星期二,35
2016/11/1 星期二,2016/11/8 星期二,81
2016/11/1 星期二,2016/11/9 星期三,10
2016/11/1 星期二,2016/11/9 星期三,33
2016/11/1 星期二,2016/11/9 星期三,51
2016/11/1 星期二,2016/11/10 星期四,34
2016/11/1 星期二,2016/11/10 星期四,71
2016/11/1 星期二,2016/11/10 星期四,98
2016/11/1 星期二,2016/11/11 星期五,43
2016/11/1 星期二,2016/11/11 星期五,53
2016/11/1 星期二,2016/11/11 星期五,92
2016/11/1 星期二,2016/11/12 星期六,37
2016/11/1 星期二,2016/11/12 星期六,68
2016/11/1 星期二,2016/11/12 星期六,95
2016/11/1 星期二,2016/11/13 星期日,94
2016/11/1 星期二,2016/11/14 星期一,37
2016/11/1 星期二,2016/11/15 星期二,15
2016/11/1 星期二,2016/11/15 星期二,22
2016/11/1 星期二,2016/11/15 星期二,78
2016/11/1 星期二,2016/11/16 星期三,21
2016/11/1 星期二,2016/11/16 星期三,30
2016/11/1 星期二,2016/11/16 星期三,95
2016/11/1 星期二,2016/11/17 星期四,23
2016/11/1 星期二,2016/11/17 星期四,52
2016/11/1 星期二,2016/11/18 星期五,47
2016/11/1 星期二,2016/11/19 星期六,11
2016/11/1 星期二,2016/11/19 星期六,81
2016/11/1 星期二,2016/11/20 星期日,30
2016/11/1 星期二,2016/11/20 星期日,79
2016/11/1 星期二,2016/11/21 星期一,28
2016/11/1 星期二,2016/11/21 星期一,63
2016/11/1 星期二,2016/11/21 星期一,91
2016/11/1 星期二,2016/11/22 星期二,47
2016/11/1 星期二,2016/11/23 星期三,29
2016/11/1 星期二,2016/11/24 星期四,3
2016/11/1 星期二,2016/11/24 星期四,32
2016/11/1 星期二,2016/11/24 星期四,89
2016/11/1 星期二,2016/11/25 星期五,6
2016/11/1 星期二,2016/11/25 星期五,20
2016/11/1 星期二,2016/11/25 星期五,50
2016/11/1 星期二,2016/11/25 星期五,74
2016/11/1 星期二,2016/11/26 星期六,19
2016/11/1 星期二,2016/11/27 星期日,36
2016/11/1 星期二,2016/11/27 星期日,73
2016/11/1 星期二,2016/11/28 星期一,7
2016/11/1 星期二,2016/11/28 星期一,57
2016/11/1 星期二,2016/11/28 星期一,69
2016/11/1 星期二,2016/11/30 星期三,45
2016/11/2 星期三,2016/11/1 星期二,5
2016/11/2 星期三,2016/11/1 星期二,48
2016/11/2 星期三,2016/11/1 星期二,74
2016/11/2 星期三,2016/11/1 星期二,87
2016/11/2 星期三,2016/11/2 星期三,68
2016/11/2 星期三,2016/11/4 星期五,23
2016/11/2 星期三,2016/11/4 星期五,37
2016/11/2 星期三,2016/11/4 星期五,94
2016/11/2 星期三,2016/11/5 星期六,7
2016/11/2 星期三,2016/11/5 星期六,31
2016/11/2 星期三,2016/11/5 星期六,95
2016/11/2 星期三,2016/11/6 星期日,28
2016/11/2 星期三,2016/11/6 星期日,46
2016/11/2 星期三,2016/11/6 星期日,89
2016/11/2 星期三,2016/11/7 星期一,97
2016/11/2 星期三,2016/11/8 星期二,34
2016/11/2 星期三,2016/11/8 星期二,75
2016/11/2 星期三,2016/11/9 星期三,31
2016/11/2 星期三,2016/11/9 星期三,43
2016/11/2 星期三,2016/11/9 星期三,64
2016/11/2 星期三,2016/11/10 星期四,37
2016/11/2 星期三,2016/11/11 星期五,12
2016/11/2 星期三,2016/11/11 星期五,47
2016/11/2 星期三,2016/11/13 星期日,2
2016/11/2 星期三,2016/11/13 星期日,84
2016/11/2 星期三,2016/11/14 星期一,3
2016/11/2 星期三,2016/11/14 星期一,39
2016/11/2 星期三,2016/11/17 星期四,6
2016/11/2 星期三,2016/11/17 星期四,50
2016/11/2 星期三,2016/11/18 星期五,25
2016/11/2 星期三,2016/11/18 星期五,29
2016/11/2 星期三,2016/11/18 星期五,84
2016/11/2 星期三,2016/11/19 星期六,12
2016/11/2 星期三,2016/11/19 星期六,27
2016/11/2 星期三,2016/11/19 星期六,36
2016/11/2 星期三,2016/11/19 星期六,37
2016/11/2 星期三,2016/11/19 星期六,46
2016/11/2 星期三,2016/11/19 星期六,60
2016/11/2 星期三,2016/11/19 星期六,75
2016/11/2 星期三,2016/11/20 星期日,1
2016/11/2 星期三,2016/11/20 星期日,14
2016/11/2 星期三,2016/11/20 星期日,41
2016/11/2 星期三,2016/11/20 星期日,48
2016/11/2 星期三,2016/11/21 星期一,72
2016/11/2 星期三,2016/11/21 星期一,84
2016/11/2 星期三,2016/11/21 星期一,94
2016/11/2 星期三,2016/11/22 星期二,92
2016/11/2 星期三,2016/11/23 星期三,2
2016/11/2 星期三,2016/11/23 星期三,84
2016/11/2 星期三,2016/11/24 星期四,19
2016/11/2 星期三,2016/11/24 星期四,67
2016/11/2 星期三,2016/11/25 星期五,35
2016/11/2 星期三,2016/11/25 星期五,58
2016/11/2 星期三,2016/11/26 星期六,6
2016/11/2 星期三,2016/11/26 星期六,7
2016/11/2 星期三,2016/11/26 星期六,10
2016/11/2 星期三,2016/11/27 星期日,20
2016/11/2 星期三,2016/11/27 星期日,47
2016/11/2 星期三,2016/11/28 星期一,5
2016/11/2 星期三,2016/11/28 星期一,52
2016/11/2 星期三,2016/11/28 星期一,78
2016/11/2 星期三,2016/11/29 星期二,69
2016/11/3 星期四,2016/11/1 星期二,10
2016/11/3 星期四,2016/11/1 星期二,21
2016/11/3 星期四,2016/11/1 星期二,34
2016/11/3 星期四,2016/11/1 星期二,73
2016/11/3 星期四,2016/11/1 星期二,83
2016/11/3 星期四,2016/11/2 星期三,27
2016/11/3 星期四,2016/11/2 星期三,40
2016/11/3 星期四,2016/11/2 星期三,44
2016/11/3 星期四,2016/11/2 星期三,57
2016/11/3 星期四,2016/11/2 星期三,62
2016/11/3 星期四,2016/11/2 星期三,80
2016/11/3 星期四,2016/11/2 星期三,88
2016/11/3 星期四,2016/11/3 星期四,1
2016/11/3 星期四,2016/11/3 星期四,46
2016/11/3 星期四,2016/11/4 星期五,13
2016/11/3 星期四,2016/11/4 星期五,55
2016/11/3 星期四,2016/11/4 星期五,58
2016/11/3 星期四,2016/11/5 星期六,22
2016/11/3 星期四,2016/11/5 星期六,47
2016/11/3 星期四,2016/11/5 星期六,52
2016/11/3 星期四,2016/11/5 星期六,58
2016/11/3 星期四,2016/11/5 星期六,69
2016/11/3 星期四,2016/11/5 星期六,100
2016/11/3 星期四,2016/11/6 星期日,43
2016/11/3 星期四,2016/11/6 星期日,67
2016/11/3 星期四,2016/11/7 星期一,12
2016/11/3 星期四,2016/11/7 星期一,72
2016/11/3 星期四,2016/11/7 星期一,74
2016/11/3 星期四,2016/11/8 星期二,20
2016/11/3 星期四,2016/11/8 星期二,75
2016/11/3 星期四,2016/11/9 星期三,22
2016/11/3 星期四,2016/11/9 星期三,29
2016/11/3 星期四,2016/11/10 星期四,72
2016/11/3 星期四,2016/11/10 星期四,75
2016/11/3 星期四,2016/11/11 星期五,22
2016/11/3 星期四,2016/11/11 星期五,75
2016/11/3 星期四,2016/11/12 星期六,38
2016/11/3 星期四,2016/11/12 星期六,71
2016/11/3 星期四,2016/11/12 星期六,89
2016/11/3 星期四,2016/11/13 星期日,19
2016/11/3 星期四,2016/11/13 星期日,45
2016/11/3 星期四,2016/11/13 星期日,97
2016/11/3 星期四,2016/11/14 星期一,25
2016/11/3 星期四,2016/11/14 星期一,32
2016/11/3 星期四,2016/11/14 星期一,68
2016/11/3 星期四,2016/11/15 星期二,16
2016/11/3 星期四,2016/11/15 星期二,18
2016/11/3 星期四,2016/11/15 星期二,32
2016/11/3 星期四,2016/11/15 星期二,63
2016/11/3 星期四,2016/11/16 星期三,60
2016/11/3 星期四,2016/11/16 星期三,61
2016/11/3 星期四,2016/11/16 星期三,96
2016/11/3 星期四,2016/11/17 星期四,3
2016/11/3 星期四,2016/11/17 星期四,40
2016/11/3 星期四,2016/11/17 星期四,51
2016/11/3 星期四,2016/11/17 星期四,71
2016/11/3 星期四,2016/11/17 星期四,86
2016/11/3 星期四,2016/11/20 星期日,66
2016/11/3 星期四,2016/11/20 星期日,81
2016/11/3 星期四,2016/11/21 星期一,29
2016/11/3 星期四,2016/11/21 星期一,73
2016/11/3 星期四,2016/11/23 星期三,41
2016/11/3 星期四,2016/11/24 星期四,47
2016/11/3 星期四,2016/11/24 星期四,86
2016/11/3 星期四,2016/11/25 星期五,57
2016/11/3 星期四,2016/11/26 星期六,21
2016/11/3 星期四,2016/11/26 星期六,72
2016/11/3 星期四,2016/11/27 星期日,23
2016/11/3 星期四,2016/11/27 星期日,42
2016/11/3 星期四,2016/11/27 星期日,47
2016/11/3 星期四,2016/11/27 星期日,59
2016/11/3 星期四,2016/11/27 星期日,83
2016/11/3 星期四,2016/11/27 星期日,95
2016/11/3 星期四,2016/11/28 星期一,2
2016/11/3 星期四,2016/11/28 星期一,57
2016/11/3 星期四,2016/11/29 星期二,1
2016/11/3 星期四,2016/11/29 星期二,96
2016/11/3 星期四,2016/11/30 星期三,59
2016/11/3 星期四,2016/11/30 星期三,97
2016/11/4 星期五,2016/11/1 星期二,41
2016/11/4 星期五,2016/11/1 星期二,57
2016/11/4 星期五,2016/11/1 星期二,85
2016/11/4 星期五,2016/11/1 星期二,92
2016/11/4 星期五,2016/11/2 星期三,47
2016/11/4 星期五,2016/11/2 星期三,75
2016/11/4 星期五,2016/11/3 星期四,1
2016/11/4 星期五,2016/11/4 星期五,66
2016/11/4 星期五,2016/11/4 星期五,79
2016/11/4 星期五,2016/11/5 星期六,62
2016/11/4 星期五,2016/11/5 星期六,73
2016/11/4 星期五,2016/11/6 星期日,5
2016/11/4 星期五,2016/11/6 星期日,31
2016/11/4 星期五,2016/11/6 星期日,38
2016/11/4 星期五,2016/11/7 星期一,65
2016/11/4 星期五,2016/11/8 星期二,84
2016/11/4 星期五,2016/11/9 星期三,25
2016/11/4 星期五,2016/11/10 星期四,70
2016/11/4 星期五,2016/11/11 星期五,26
2016/11/4 星期五,2016/11/11 星期五,83
2016/11/4 星期五,2016/11/11 星期五,87
2016/11/4 星期五,2016/11/12 星期六,64
2016/11/4 星期五,2016/11/13 星期日,26
2016/11/4 星期五,2016/11/13 星期日,93
2016/11/4 星期五,2016/11/13 星期日,97
2016/11/4 星期五,2016/11/14 星期一,7
2016/11/4 星期五,2016/11/14 星期一,80
2016/11/4 星期五,2016/11/15 星期二,38
2016/11/4 星期五,2016/11/15 星期二,41
2016/11/4 星期五,2016/11/17 星期四,40
2016/11/4 星期五,2016/11/17 星期四,59
2016/11/4 星期五,2016/11/17 星期四,78
2016/11/4 星期五,2016/11/18 星期五,26
2016/11/4 星期五,2016/11/18 星期五,56
2016/11/4 星期五,2016/11/18 星期五,89
2016/11/4 星期五,2016/11/19 星期六,1
2016/11/4 星期五,2016/11/19 星期六,14
2016/11/4 星期五,2016/11/20 星期日,4
2016/11/4 星期五,2016/11/20 星期日,79
2016/11/4 星期五,2016/11/21 星期一,20
2016/11/4 星期五,2016/11/21 星期一,89
2016/11/4 星期五,2016/11/21 星期一,100
2016/11/4 星期五,2016/11/22 星期二,64
2016/11/4 星期五,2016/11/23 星期三,26
2016/11/4 星期五,2016/11/23 星期三,84
2016/11/4 星期五,2016/11/23 星期三,89
2016/11/4 星期五,2016/11/23 星期三,99
2016/11/4 星期五,2016/11/24 星期四,95
2016/11/4 星期五,2016/11/26 星期六,39
2016/11/4 星期五,2016/11/26 星期六,96
2016/11/4 星期五,2016/11/26 星期六,100
2016/11/4 星期五,2016/11/27 星期日,30
2016/11/4 星期五,2016/11/27 星期日,76
2016/11/4 星期五,2016/11/27 星期日,91
2016/11/4 星期五,2016/11/28 星期一,72
2016/11/4 星期五,2016/11/29 星期二,38
2016/11/4 星期五,2016/11/29 星期二,45
2016/11/4 星期五,2016/11/29 星期二,53
2016/11/4 星期五,2016/11/30 星期三,40
2016/11/4 星期五,2016/11/30 星期三,46
2016/11/5 星期六,2016/11/1 星期二,8
2016/11/5 星期六,2016/11/1 星期二,41
2016/11/5 星期六,2016/11/1 星期二,60
2016/11/5 星期六,2016/11/2 星期三,13
2016/11/5 星期六,2016/11/2 星期三,64
2016/11/5 星期六,2016/11/2 星期三,99
2016/11/5 星期六,2016/11/4 星期五,23
2016/11/5 星期六,2016/11/5 星期六,41
2016/11/5 星期六,2016/11/5 星期六,46
2016/11/5 星期六,2016/11/5 星期六,58
2016/11/5 星期六,2016/11/5 星期六,80
2016/11/5 星期六,2016/11/6 星期日,12
2016/11/5 星期六,2016/11/6 星期日,39
2016/11/5 星期六,2016/11/6 星期日,55
2016/11/5 星期六,2016/11/6 星期日,65
2016/11/5 星期六,2016/11/6 星期日,89
2016/11/5 星期六,2016/11/6 星期日,99
2016/11/5 星期六,2016/11/7 星期一,30
2016/11/5 星期六,2016/11/7 星期一,40
2016/11/5 星期六,2016/11/8 星期二,27
2016/11/5 星期六,2016/11/8 星期二,85
2016/11/5 星期六,2016/11/8 星期二,96
2016/11/5 星期六,2016/11/8 星期二,96
2016/11/5 星期六,2016/11/9 星期三,51
2016/11/5 星期六,2016/11/9 星期三,68
2016/11/5 星期六,2016/11/10 星期四,77
2016/11/5 星期六,2016/11/10 星期四,78
2016/11/5 星期六,2016/11/10 星期四,85
2016/11/5 星期六,2016/11/11 星期五,22
2016/11/5 星期六,2016/11/12 星期六,18
2016/11/5 星期六,2016/11/12 星期六,21
2016/11/5 星期六,2016/11/12 星期六,57
2016/11/5 星期六,2016/11/13 星期日,31
2016/11/5 星期六,2016/11/13 星期日,71
2016/11/5 星期六,2016/11/14 星期一,35
2016/11/5 星期六,2016/11/14 星期一,36
2016/11/5 星期六,2016/11/14 星期一,45
2016/11/5 星期六,2016/11/14 星期一,100
2016/11/5 星期六,2016/11/15 星期二,75
2016/11/5 星期六,2016/11/15 星期二,98
2016/11/5 星期六,2016/11/16 星期三,12
2016/11/5 星期六,2016/11/16 星期三,25
2016/11/5 星期六,2016/11/16 星期三,52
2016/11/5 星期六,2016/11/17 星期四,78
2016/11/5 星期六,2016/11/18 星期五,19
2016/11/5 星期六,2016/11/18 星期五,29
2016/11/5 星期六,2016/11/18 星期五,58
2016/11/5 星期六,2016/11/18 星期五,69
2016/11/5 星期六,2016/11/19 星期六,6
2016/11/5 星期六,2016/11/19 星期六,89
2016/11/5 星期六,2016/11/19 星期六,94
2016/11/5 星期六,2016/11/20 星期日,19
2016/11/5 星期六,2016/11/20 星期日,75
2016/11/5 星期六,2016/11/20 星期日,79
2016/11/5 星期六,2016/11/20 星期日,92
2016/11/5 星期六,2016/11/21 星期一,35
2016/11/5 星期六,2016/11/21 星期一,39
2016/11/5 星期六,2016/11/21 星期一,83
2016/11/5 星期六,2016/11/21 星期一,85
2016/11/5 星期六,2016/11/22 星期二,29
2016/11/5 星期六,2016/11/22 星期二,48
2016/11/5 星期六,2016/11/23 星期三,74
2016/11/5 星期六,2016/11/24 星期四,18
2016/11/5 星期六,2016/11/24 星期四,97
2016/11/5 星期六,2016/11/25 星期五,69
2016/11/5 星期六,2016/11/26 星期六,12
2016/11/5 星期六,2016/11/26 星期六,21
2016/11/5 星期六,2016/11/26 星期六,43
2016/11/5 星期六,2016/11/26 星期六,82
2016/11/5 星期六,2016/11/29 星期二,81
2016/11/5 星期六,2016/11/30 星期三,56
2016/11/5 星期六,2016/11/30 星期三,69
2016/11/5 星期六,2016/11/30 星期三,99
2016/11/6 星期日,2016/11/1 星期二,55
2016/11/6 星期日,2016/11/2 星期三,2
2016/11/6 星期日,2016/11/2 星期三,88
2016/11/6 星期日,2016/11/2 星期三,100
2016/11/6 星期日,2016/11/3 星期四,47
2016/11/6 星期日,2016/11/3 星期四,56
2016/11/6 星期日,2016/11/4 星期五,29
2016/11/6 星期日,2016/11/4 星期五,93
2016/11/6 星期日,2016/11/5 星期六,18
2016/11/6 星期日,2016/11/5 星期六,47
2016/11/6 星期日,2016/11/5 星期六,63
2016/11/6 星期日,2016/11/5 星期六,71
2016/11/6 星期日,2016/11/5 星期六,82
2016/11/6 星期日,2016/11/6 星期日,44
2016/11/6 星期日,2016/11/7 星期一,47
2016/11/6 星期日,2016/11/7 星期一,51
2016/11/6 星期日,2016/11/7 星期一,52
2016/11/6 星期日,2016/11/7 星期一,69
2016/11/6 星期日,2016/11/8 星期二,29
2016/11/6 星期日,2016/11/9 星期三,51
2016/11/6 星期日,2016/11/9 星期三,69
2016/11/6 星期日,2016/11/9 星期三,80
2016/11/6 星期日,2016/11/9 星期三,82
2016/11/6 星期日,2016/11/10 星期四,33
2016/11/6 星期日,2016/11/10 星期四,43
2016/11/6 星期日,2016/11/11 星期五,4
2016/11/6 星期日,2016/11/11 星期五,97
2016/11/6 星期日,2016/11/12 星期六,13
2016/11/6 星期日,2016/11/12 星期六,20
2016/11/6 星期日,2016/11/12 星期六,26
2016/11/6 星期日,2016/11/12 星期六,54
2016/11/6 星期日,2016/11/13 星期日,42
2016/11/6 星期日,2016/11/13 星期日,94
2016/11/6 星期日,2016/11/15 星期二,21
2016/11/6 星期日,2016/11/15 星期二,60
2016/11/6 星期日,2016/11/15 星期二,87
2016/11/6 星期日,2016/11/16 星期三,64
2016/11/6 星期日,2016/11/17 星期四,2
2016/11/6 星期日,2016/11/17 星期四,44
2016/11/6 星期日,2016/11/17 星期四,55
2016/11/6 星期日,2016/11/17 星期四,67
2016/11/6 星期日,2016/11/18 星期五,35
2016/11/6 星期日,2016/11/18 星期五,37
2016/11/6 星期日,2016/11/18 星期五,74
2016/11/6 星期日,2016/11/19 星期六,6
2016/11/6 星期日,2016/11/19 星期六,70
2016/11/6 星期日,2016/11/19 星期六,74
2016/11/6 星期日,2016/11/20 星期日,11
2016/11/6 星期日,2016/11/21 星期一,14
2016/11/6 星期日,2016/11/23 星期三,17
2016/11/6 星期日,2016/11/23 星期三,97
2016/11/6 星期日,2016/11/25 星期五,8
2016/11/6 星期日,2016/11/25 星期五,9
2016/11/6 星期日,2016/11/25 星期五,49
2016/11/6 星期日,2016/11/25 星期五,56
2016/11/6 星期日,2016/11/26 星期六,59
2016/11/6 星期日,2016/11/26 星期六,65
2016/11/6 星期日,2016/11/26 星期六,66
2016/11/6 星期日,2016/11/27 星期日,65
2016/11/6 星期日,2016/11/27 星期日,93
2016/11/6 星期日,2016/11/28 星期一,68
2016/11/6 星期日,2016/11/29 星期二,58
2016/11/6 星期日,2016/11/30 星期三,11
2016/11/6 星期日,2016/11/30 星期三,91
2016/11/6 星期日,2016/11/30 星期三,94
2016/11/7 星期一,2016/11/1 星期二,10
2016/11/7 星期一,2016/11/1 星期二,30
2016/11/7 星期一,2016/11/2 星期三,18
2016/11/7 星期一,2016/11/2 星期三,80
2016/11/7 星期一,2016/11/2 星期三,96
2016/11/7 星期一,2016/11/3 星期四,29
2016/11/7 星期一,2016/11/3 星期四,44
2016/11/7 星期一,2016/11/3 星期四,89
2016/11/7 星期一,2016/11/4 星期五,58
2016/11/7 星期一,2016/11/4 星期五,75
2016/11/7 星期一,2016/11/6 星期日,28
2016/11/7 星期一,2016/11/7 星期一,85
2016/11/7 星期一,2016/11/7 星期一,94
2016/11/7 星期一,2016/11/8 星期二,49
2016/11/7 星期一,2016/11/8 星期二,90
2016/11/7 星期一,2016/11/9 星期三,3
2016/11/7 星期一,2016/11/9 星期三,40
2016/11/7 星期一,2016/11/9 星期三,70
2016/11/7 星期一,2016/11/10 星期四,46
2016/11/7 星期一,2016/11/10 星期四,48
2016/11/7 星期一,2016/11/10 星期四,69
2016/11/7 星期一,2016/11/11 星期五,14
2016/11/7 星期一,2016/11/11 星期五,68
2016/11/7 星期一,2016/11/11 星期五,100
2016/11/7 星期一,2016/11/11 星期五,100
2016/11/7 星期一,2016/11/12 星期六,90
2016/11/7 星期一,2016/11/13 星期日,14
2016/11/7 星期一,2016/11/13 星期日,43
2016/11/7 星期一,2016/11/14 星期一,13
2016/11/7 星期一,2016/11/14 星期一,49
2016/11/7 星期一,2016/11/15 星期二,17
2016/11/7 星期一,2016/11/15 星期二,23
2016/11/7 星期一,2016/11/15 星期二,63
2016/11/7 星期一,2016/11/15 星期二,75
2016/11/7 星期一,2016/11/15 星期二,89
2016/11/7 星期一,2016/11/16 星期三,4
2016/11/7 星期一,2016/11/16 星期三,44
2016/11/7 星期一,2016/11/16 星期三,98
2016/11/7 星期一,2016/11/17 星期四,14
2016/11/7 星期一,2016/11/17 星期四,66
2016/11/7 星期一,2016/11/18 星期五,25
2016/11/7 星期一,2016/11/18 星期五,33
2016/11/7 星期一,2016/11/18 星期五,46
2016/11/7 星期一,2016/11/18 星期五,65
2016/11/7 星期一,2016/11/20 星期日,45
2016/11/7 星期一,2016/11/21 星期一,9
2016/11/7 星期一,2016/11/21 星期一,11
2016/11/7 星期一,2016/11/21 星期一,19
2016/11/7 星期一,2016/11/21 星期一,21
2016/11/7 星期一,2016/11/21 星期一,74
2016/11/7 星期一,2016/11/22 星期二,37
2016/11/7 星期一,2016/11/22 星期二,58
2016/11/7 星期一,2016/11/23 星期三,79
2016/11/7 星期一,2016/11/23 星期三,80
2016/11/7 星期一,2016/11/23 星期三,89
2016/11/7 星期一,2016/11/24 星期四,35
2016/11/7 星期一,2016/11/24 星期四,87
2016/11/7 星期一,2016/11/25 星期五,23
2016/11/7 星期一,2016/11/26 星期六,34
2016/11/7 星期一,2016/11/26 星期六,77
2016/11/7 星期一,2016/11/26 星期六,89
2016/11/7 星期一,2016/11/27 星期日,35
2016/11/7 星期一,2016/11/27 星期日,91
2016/11/7 星期一,2016/11/28 星期一,47
2016/11/7 星期一,2016/11/28 星期一,50
2016/11/7 星期一,2016/11/28 星期一,75
2016/11/7 星期一,2016/11/29 星期二,45
2016/11/7 星期一,2016/11/29 星期二,84
2016/11/7 星期一,2016/11/30 星期三,23
2016/11/7 星期一,2016/11/30 星期三,74
2016/11/7 星期一,2016/11/30 星期三,92
2016/11/7 星期一,2016/11/30 星期三,93
2016/11/7 星期一,2016/11/30 星期三,96
2016/11/8 星期二,2016/11/2 星期三,11
2016/11/8 星期二,2016/11/3 星期四,59
2016/11/8 星期二,2016/11/4 星期五,5
2016/11/8 星期二,2016/11/4 星期五,31
2016/11/8 星期二,2016/11/5 星期六,45
2016/11/8 星期二,2016/11/5 星期六,63
2016/11/8 星期二,2016/11/5 星期六,78
2016/11/8 星期二,2016/11/5 星期六,96
2016/11/8 星期二,2016/11/6 星期日,81
2016/11/8 星期二,2016/11/6 星期日,99
2016/11/8 星期二,2016/11/8 星期二,8
2016/11/8 星期二,2016/11/8 星期二,30
2016/11/8 星期二,2016/11/8 星期二,35
2016/11/8 星期二,2016/11/8 星期二,87
2016/11/8 星期二,2016/11/9 星期三,64
2016/11/8 星期二,2016/11/9 星期三,66
2016/11/8 星期二,2016/11/9 星期三,86
2016/11/8 星期二,2016/11/10 星期四,7
2016/11/8 星期二,2016/11/10 星期四,58
2016/11/8 星期二,2016/11/10 星期四,71
2016/11/8 星期二,2016/11/11 星期五,8
2016/11/8 星期二,2016/11/11 星期五,88
2016/11/8 星期二,2016/11/12 星期六,23
2016/11/8 星期二,2016/11/12 星期六,37
2016/11/8 星期二,2016/11/12 星期六,71
2016/11/8 星期二,2016/11/13 星期日,26
2016/11/8 星期二,2016/11/14 星期一,5
2016/11/8 星期二,2016/11/14 星期一,99
2016/11/8 星期二,2016/11/17 星期四,10
2016/11/8 星期二,2016/11/18 星期五,40
2016/11/8 星期二,2016/11/19 星期六,21
2016/11/8 星期二,2016/11/19 星期六,54
2016/11/8 星期二,2016/11/19 星期六,66
2016/11/8 星期二,2016/11/19 星期六,94
2016/11/8 星期二,2016/11/19 星期六,100
2016/11/8 星期二,2016/11/20 星期日,27
2016/11/8 星期二,2016/11/20 星期日,45
2016/11/8 星期二,2016/11/20 星期日,46
2016/11/8 星期二,2016/11/21 星期一,36
2016/11/8 星期二,2016/11/21 星期一,67
2016/11/8 星期二,2016/11/22 星期二,3
2016/11/8 星期二,2016/11/22 星期二,34
2016/11/8 星期二,2016/11/22 星期二,78
2016/11/8 星期二,2016/11/23 星期三,19
2016/11/8 星期二,2016/11/23 星期三,48
2016/11/8 星期二,2016/11/23 星期三,79
2016/11/8 星期二,2016/11/23 星期三,87
2016/11/8 星期二,2016/11/24 星期四,21
2016/11/8 星期二,2016/11/24 星期四,37
2016/11/8 星期二,2016/11/24 星期四,64
2016/11/8 星期二,2016/11/24 星期四,98
2016/11/8 星期二,2016/11/26 星期六,19
2016/11/8 星期二,2016/11/26 星期六,34
2016/11/8 星期二,2016/11/27 星期日,7
2016/11/8 星期二,2016/11/27 星期日,20
2016/11/8 星期二,2016/11/28 星期一,22
2016/11/8 星期二,2016/11/28 星期一,76
2016/11/8 星期二,2016/11/29 星期二,63
2016/11/8 星期二,2016/11/29 星期二,75
2016/11/8 星期二,2016/11/29 星期二,81
2016/11/8 星期二,2016/11/29 星期二,82
2016/11/9 星期三,2016/11/1 星期二,63
2016/11/9 星期三,2016/11/2 星期三,19
2016/11/9 星期三,2016/11/2 星期三,28
2016/11/9 星期三,2016/11/2 星期三,41
2016/11/9 星期三,2016/11/3 星期四,81
2016/11/9 星期三,2016/11/4 星期五,30
2016/11/9 星期三,2016/11/5 星期六,31
2016/11/9 星期三,2016/11/5 星期六,33
2016/11/9 星期三,2016/11/5 星期六,54
2016/11/9 星期三,2016/11/5 星期六,75
2016/11/9 星期三,2016/11/6 星期日,24
2016/11/9 星期三,2016/11/6 星期日,30
2016/11/9 星期三,2016/11/6 星期日,38
2016/11/9 星期三,2016/11/6 星期日,54
2016/11/9 星期三,2016/11/7 星期一,4
2016/11/9 星期三,2016/11/7 星期一,75
2016/11/9 星期三,2016/11/7 星期一,80
2016/11/9 星期三,2016/11/9 星期三,6
2016/11/9 星期三,2016/11/9 星期三,57
2016/11/9 星期三,2016/11/10 星期四,1
2016/11/9 星期三,2016/11/10 星期四,8
2016/11/9 星期三,2016/11/10 星期四,12
2016/11/9 星期三,2016/11/10 星期四,34
2016/11/9 星期三,2016/11/10 星期四,75
2016/11/9 星期三,2016/11/10 星期四,77
2016/11/9 星期三,2016/11/10 星期四,78
2016/11/9 星期三,2016/11/11 星期五,82
2016/11/9 星期三,2016/11/12 星期六,28
2016/11/9 星期三,2016/11/12 星期六,58
2016/11/9 星期三,2016/11/12 星期六,61
2016/11/9 星期三,2016/11/12 星期六,85
2016/11/9 星期三,2016/11/13 星期日,69
2016/11/9 星期三,2016/11/13 星期日,86
2016/11/9 星期三,2016/11/14 星期一,19
2016/11/9 星期三,2016/11/14 星期一,96
2016/11/9 星期三,2016/11/15 星期二,60
2016/11/9 星期三,2016/11/15 星期二,67
2016/11/9 星期三,2016/11/15 星期二,72
2016/11/9 星期三,2016/11/15 星期二,73
2016/11/9 星期三,2016/11/16 星期三,1
2016/11/9 星期三,2016/11/16 星期三,22
2016/11/9 星期三,2016/11/16 星期三,63
2016/11/9 星期三,2016/11/17 星期四,8
2016/11/9 星期三,2016/11/17 星期四,65
2016/11/9 星期三,2016/11/17 星期四,86
2016/11/9 星期三,2016/11/18 星期五,12
2016/11/9 星期三,2016/11/18 星期五,28
2016/11/9 星期三,2016/11/18 星期五,30
2016/11/9 星期三,2016/11/18 星期五,48
2016/11/9 星期三,2016/11/20 星期日,80
2016/11/9 星期三,2016/11/21 星期一,89
2016/11/9 星期三,2016/11/21 星期一,100
2016/11/9 星期三,2016/11/22 星期二,90
2016/11/9 星期三,2016/11/23 星期三,63
2016/11/9 星期三,2016/11/24 星期四,82
2016/11/9 星期三,2016/11/24 星期四,95
2016/11/9 星期三,2016/11/25 星期五,25
2016/11/9 星期三,2016/11/25 星期五,52
2016/11/9 星期三,2016/11/25 星期五,60
2016/11/9 星期三,2016/11/25 星期五,66
2016/11/9 星期三,2016/11/25 星期五,100
2016/11/9 星期三,2016/11/26 星期六,47
2016/11/9 星期三,2016/11/26 星期六,49
2016/11/9 星期三,2016/11/26 星期六,72
2016/11/9 星期三,2016/11/27 星期日,21
2016/11/9 星期三,2016/11/27 星期日,49
2016/11/9 星期三,2016/11/29 星期二,38
2016/11/9 星期三,2016/11/29 星期二,40
2016/11/9 星期三,2016/11/29 星期二,64
2016/11/9 星期三,2016/11/30 星期三,10
2016/11/9 星期三,2016/11/30 星期三,19
2016/11/9 星期三,2016/11/30 星期三,38
2016/11/10 星期四,2016/11/1 星期二,42
2016/11/10 星期四,2016/11/1 星期二,65
2016/11/10 星期四,2016/11/1 星期二,82
2016/11/10 星期四,2016/11/2 星期三,3
2016/11/10 星期四,2016/11/2 星期三,23
2016/11/10 星期四,2016/11/2 星期三,36
2016/11/10 星期四,2016/11/3 星期四,35
2016/11/10 星期四,2016/11/3 星期四,45
2016/11/10 星期四,2016/11/4 星期五,9
2016/11/10 星期四,2016/11/4 星期五,21
2016/11/10 星期四,2016/11/4 星期五,62
2016/11/10 星期四,2016/11/4 星期五,65
2016/11/10 星期四,2016/11/4 星期五,70
2016/11/10 星期四,2016/11/6 星期日,67
2016/11/10 星期四,2016/11/7 星期一,21
2016/11/10 星期四,2016/11/7 星期一,31
2016/11/10 星期四,2016/11/7 星期一,90
2016/11/10 星期四,2016/11/8 星期二,8
2016/11/10 星期四,2016/11/8 星期二,60
2016/11/10 星期四,2016/11/8 星期二,71
2016/11/10 星期四,2016/11/9 星期三,10
2016/11/10 星期四,2016/11/9 星期三,18
2016/11/10 星期四,2016/11/9 星期三,61
2016/11/10 星期四,2016/11/9 星期三,62
2016/11/10 星期四,2016/11/9 星期三,100
2016/11/10 星期四,2016/11/10 星期四,25
2016/11/10 星期四,2016/11/10 星期四,30
2016/11/10 星期四,2016/11/11 星期五,45
2016/11/10 星期四,2016/11/11 星期五,65
2016/11/10 星期四,2016/11/11 星期五,81
2016/11/10 星期四,2016/11/12 星期六,76
2016/11/10 星期四,2016/11/13 星期日,73
2016/11/10 星期四,2016/11/13 星期日,99
2016/11/10 星期四,2016/11/14 星期一,9
2016/11/10 星期四,2016/11/14 星期一,35
2016/11/10 星期四,2016/11/15 星期二,42
2016/11/10 星期四,2016/11/15 星期二,81
2016/11/10 星期四,2016/11/15 星期二,85
2016/11/10 星期四,2016/11/16 星期三,54
2016/11/10 星期四,2016/11/16 星期三,80
2016/11/10 星期四,2016/11/16 星期三,98
2016/11/10 星期四,2016/11/17 星期四,15
2016/11/10 星期四,2016/11/17 星期四,20
2016/11/10 星期四,2016/11/17 星期四,21
2016/11/10 星期四,2016/11/17 星期四,44
2016/11/10 星期四,2016/11/17 星期四,59
2016/11/10 星期四,2016/11/17 星期四,67
2016/11/10 星期四,2016/11/18 星期五,31
2016/11/10 星期四,2016/11/18 星期五,54
2016/11/10 星期四,2016/11/18 星期五,83
2016/11/10 星期四,2016/11/19 星期六,3
2016/11/10 星期四,2016/11/19 星期六,95
2016/11/10 星期四,2016/11/20 星期日,32
2016/11/10 星期四,2016/11/20 星期日,55
2016/11/10 星期四,2016/11/20 星期日,58
2016/11/10 星期四,2016/11/20 星期日,59
2016/11/10 星期四,2016/11/20 星期日,61
2016/11/10 星期四,2016/11/20 星期日,78
2016/11/10 星期四,2016/11/20 星期日,84
2016/11/10 星期四,2016/11/20 星期日,92
2016/11/10 星期四,2016/11/21 星期一,26
2016/11/10 星期四,2016/11/22 星期二,87
2016/11/10 星期四,2016/11/23 星期三,34
2016/11/10 星期四,2016/11/23 星期三,43
2016/11/10 星期四,2016/11/23 星期三,89
2016/11/10 星期四,2016/11/24 星期四,24
2016/11/10 星期四,2016/11/24 星期四,30
2016/11/10 星期四,2016/11/24 星期四,65
2016/11/10 星期四,2016/11/24 星期四,65
2016/11/10 星期四,2016/11/25 星期五,32
2016/11/10 星期四,2016/11/25 星期五,36
2016/11/10 星期四,2016/11/25 星期五,45
2016/11/10 星期四,2016/11/25 星期五,67
2016/11/10 星期四,2016/11/25 星期五,92
2016/11/10 星期四,2016/11/26 星期六,89
2016/11/10 星期四,2016/11/27 星期日,61
2016/11/10 星期四,2016/11/28 星期一,34
2016/11/10 星期四,2016/11/29 星期二,26
2016/11/10 星期四,2016/11/29 星期二,51
2016/11/10 星期四,2016/11/30 星期三,62
2016/11/11 星期五,2016/11/1 星期二,17
2016/11/11 星期五,2016/11/1 星期二,22
2016/11/11 星期五,2016/11/1 星期二,30
2016/11/11 星期五,2016/11/1 星期二,59
2016/11/11 星期五,2016/11/2 星期三,47
2016/11/11 星期五,2016/11/2 星期三,51
2016/11/11 星期五,2016/11/2 星期三,99
2016/11/11 星期五,2016/11/3 星期四,13
2016/11/11 星期五,2016/11/4 星期五,59
2016/11/11 星期五,2016/11/4 星期五,74
2016/11/11 星期五,2016/11/4 星期五,90
2016/11/11 星期五,2016/11/4 星期五,92
2016/11/11 星期五,2016/11/4 星期五,96
2016/11/11 星期五,2016/11/5 星期六,11
2016/11/11 星期五,2016/11/5 星期六,48
2016/11/11 星期五,2016/11/5 星期六,98
2016/11/11 星期五,2016/11/6 星期日,53
2016/11/11 星期五,2016/11/7 星期一,94
2016/11/11 星期五,2016/11/7 星期一,100
2016/11/11 星期五,2016/11/8 星期二,57
2016/11/11 星期五,2016/11/8 星期二,73
2016/11/11 星期五,2016/11/10 星期四,56
2016/11/11 星期五,2016/11/11 星期五,46
2016/11/11 星期五,2016/11/12 星期六,11
2016/11/11 星期五,2016/11/12 星期六,14
2016/11/11 星期五,2016/11/12 星期六,44
2016/11/11 星期五,2016/11/13 星期日,38
2016/11/11 星期五,2016/11/13 星期日,54
2016/11/11 星期五,2016/11/13 星期日,59
2016/11/11 星期五,2016/11/13 星期日,75
2016/11/11 星期五,2016/11/14 星期一,4
2016/11/11 星期五,2016/11/14 星期一,9
2016/11/11 星期五,2016/11/14 星期一,41
2016/11/11 星期五,2016/11/14 星期一,62
2016/11/11 星期五,2016/11/14 星期一,97
2016/11/11 星期五,2016/11/16 星期三,9
2016/11/11 星期五,2016/11/17 星期四,26
2016/11/11 星期五,2016/11/18 星期五,22
2016/11/11 星期五,2016/11/18 星期五,29
2016/11/11 星期五,2016/11/18 星期五,44
2016/11/11 星期五,2016/11/18 星期五,46
2016/11/11 星期五,2016/11/18 星期五,59
2016/11/11 星期五,2016/11/19 星期六,14
2016/11/11 星期五,2016/11/19 星期六,50
2016/11/11 星期五,2016/11/19 星期六,64
2016/11/11 星期五,2016/11/19 星期六,94
2016/11/11 星期五,2016/11/20 星期日,77
2016/11/11 星期五,2016/11/22 星期二,68
2016/11/11 星期五,2016/11/23 星期三,2
2016/11/11 星期五,2016/11/23 星期三,41
2016/11/11 星期五,2016/11/23 星期三,43
2016/11/11 星期五,2016/11/23 星期三,52
2016/11/11 星期五,2016/11/23 星期三,91
2016/11/11 星期五,2016/11/24 星期四,38
2016/11/11 星期五,2016/11/25 星期五,36
2016/11/11 星期五,2016/11/25 星期五,58
2016/11/11 星期五,2016/11/26 星期六,5
2016/11/11 星期五,2016/11/26 星期六,37
2016/11/11 星期五,2016/11/26 星期六,45
2016/11/11 星期五,2016/11/26 星期六,59
2016/11/11 星期五,2016/11/26 星期六,77
2016/11/11 星期五,2016/11/26 星期六,93
2016/11/11 星期五,2016/11/27 星期日,38
2016/11/11 星期五,2016/11/27 星期日,56
2016/11/11 星期五,2016/11/28 星期一,91
2016/11/11 星期五,2016/11/29 星期二,72
2016/11/11 星期五,2016/11/29 星期二,87
2016/11/11 星期五,2016/11/30 星期三,7
2016/11/11 星期五,2016/11/30 星期三,29
2016/11/11 星期五,2016/11/30 星期三,76
2016/11/11 星期五,2016/11/30 星期三,98
2016/11/12 星期六,2016/11/1 星期二,28
2016/11/12 星期六,2016/11/1 星期二,81
2016/11/12 星期六,2016/11/2 星期三,45
2016/11/12 星期六,2016/11/2 星期三,47
2016/11/12 星期六,2016/11/3 星期四,45
2016/11/12 星期六,2016/11/3 星期四,68
2016/11/12 星期六,2016/11/4 星期五,98
2016/11/12 星期六,2016/11/5 星期六,10
2016/11/12 星期六,2016/11/5 星期六,17
2016/11/12 星期六,2016/11/5 星期六,87
2016/11/12 星期六,2016/11/6 星期日,25
2016/11/12 星期六,2016/11/6 星期日,70
2016/11/12 星期六,2016/11/6 星期日,73
2016/11/12 星期六,2016/11/7 星期一,97
2016/11/12 星期六,2016/11/7 星期一,100
2016/11/12 星期六,2016/11/8 星期二,25
2016/11/12 星期六,2016/11/8 星期二,32
2016/11/12 星期六,2016/11/9 星期三,46
2016/11/12 星期六,2016/11/9 星期三,47
2016/11/12 星期六,2016/11/10 星期四,22
2016/11/12 星期六,2016/11/10 星期四,35
2016/11/12 星期六,2016/11/10 星期四,59
2016/11/12 星期六,2016/11/10 星期四,63
2016/11/12 星期六,2016/11/10 星期四,64
2016/11/12 星期六,2016/11/10 星期四,77
2016/11/12 星期六,2016/11/10 星期四,94
2016/11/12 星期六,2016/11/11 星期五,18
2016/11/12 星期六,2016/11/11 星期五,29
2016/11/12 星期六,2016/11/11 星期五,35
2016/11/12 星期六,2016/11/11 星期五,39
2016/11/12 星期六,2016/11/11 星期五,40
2016/11/12 星期六,2016/11/12 星期六,4
2016/11/12 星期六,2016/11/12 星期六,13
2016/11/12 星期六,2016/11/12 星期六,44
2016/11/12 星期六,2016/11/12 星期六,51
2016/11/12 星期六,2016/11/13 星期日,88
2016/11/12 星期六,2016/11/14 星期一,4
2016/11/12 星期六,2016/11/14 星期一,26
2016/11/12 星期六,2016/11/14 星期一,55
2016/11/12 星期六,2016/11/14 星期一,95
2016/11/12 星期六,2016/11/15 星期二,36
2016/11/12 星期六,2016/11/15 星期二,43
2016/11/12 星期六,2016/11/15 星期二,46
2016/11/12 星期六,2016/11/15 星期二,73
2016/11/12 星期六,2016/11/15 星期二,75
2016/11/12 星期六,2016/11/15 星期二,98
2016/11/12 星期六,2016/11/16 星期三,30
2016/11/12 星期六,2016/11/17 星期四,98
2016/11/12 星期六,2016/11/19 星期六,44
2016/11/12 星期六,2016/11/20 星期日,53
2016/11/12 星期六,2016/11/20 星期日,67
2016/11/12 星期六,2016/11/21 星期一,48
2016/11/12 星期六,2016/11/22 星期二,58
2016/11/12 星期六,2016/11/22 星期二,96
2016/11/12 星期六,2016/11/23 星期三,65
2016/11/12 星期六,2016/11/24 星期四,29
2016/11/12 星期六,2016/11/24 星期四,38
2016/11/12 星期六,2016/11/24 星期四,60
2016/11/12 星期六,2016/11/24 星期四,92
2016/11/12 星期六,2016/11/25 星期五,14
2016/11/12 星期六,2016/11/26 星期六,33
2016/11/12 星期六,2016/11/26 星期六,44
2016/11/12 星期六,2016/11/26 星期六,71
2016/11/12 星期六,2016/11/27 星期日,3
2016/11/12 星期六,2016/11/27 星期日,51
2016/11/12 星期六,2016/11/28 星期一,43
2016/11/12 星期六,2016/11/28 星期一,73
2016/11/12 星期六,2016/11/30 星期三,18
2016/11/13 星期日,2016/11/1 星期二,15
2016/11/13 星期日,2016/11/1 星期二,67
2016/11/13 星期日,2016/11/1 星期二,79
2016/11/13 星期日,2016/11/2 星期三,67
2016/11/13 星期日,2016/11/5 星期六,80
2016/11/13 星期日,2016/11/5 星期六,98
2016/11/13 星期日,2016/11/5 星期六,100
2016/11/13 星期日,2016/11/6 星期日,18
2016/11/13 星期日,2016/11/6 星期日,97
2016/11/13 星期日,2016/11/7 星期一,65
2016/11/13 星期日,2016/11/9 星期三,15
2016/11/13 星期日,2016/11/9 星期三,29
2016/11/13 星期日,2016/11/9 星期三,40
2016/11/13 星期日,2016/11/10 星期四,100
2016/11/13 星期日,2016/11/11 星期五,26
2016/11/13 星期日,2016/11/11 星期五,29
2016/11/13 星期日,2016/11/11 星期五,57
2016/11/13 星期日,2016/11/11 星期五,71
2016/11/13 星期日,2016/11/11 星期五,99
2016/11/13 星期日,2016/11/12 星期六,49
2016/11/13 星期日,2016/11/13 星期日,93
2016/11/13 星期日,2016/11/14 星期一,22
2016/11/13 星期日,2016/11/14 星期一,69
2016/11/13 星期日,2016/11/15 星期二,30
2016/11/13 星期日,2016/11/17 星期四,34
2016/11/13 星期日,2016/11/18 星期五,7
2016/11/13 星期日,2016/11/18 星期五,8
2016/11/13 星期日,2016/11/19 星期六,28
2016/11/13 星期日,2016/11/19 星期六,36
2016/11/13 星期日,2016/11/19 星期六,93
2016/11/13 星期日,2016/11/21 星期一,74
2016/11/13 星期日,2016/11/21 星期一,82
2016/11/13 星期日,2016/11/23 星期三,59
2016/11/13 星期日,2016/11/23 星期三,78
2016/11/13 星期日,2016/11/24 星期四,8
2016/11/13 星期日,2016/11/24 星期四,91
2016/11/13 星期日,2016/11/25 星期五,27
2016/11/13 星期日,2016/11/25 星期五,51
2016/11/13 星期日,2016/11/26 星期六,9
2016/11/13 星期日,2016/11/26 星期六,27
2016/11/13 星期日,2016/11/27 星期日,6
2016/11/13 星期日,2016/11/27 星期日,13
2016/11/13 星期日,2016/11/27 星期日,25
2016/11/13 星期日,2016/11/27 星期日,62
2016/11/13 星期日,2016/11/28 星期一,48
2016/11/13 星期日,2016/11/28 星期一,74
2016/11/13 星期日,2016/11/28 星期一,97
2016/11/13 星期日,2016/11/29 星期二,22
2016/11/13 星期日,2016/11/29 星期二,81
2016/11/13 星期日,2016/11/30 星期三,64
2016/11/13 星期日,2016/11/30 星期三,78
2016/11/13 星期日,2016/11/30 星期三,78
2016/11/14 星期一,2016/11/1 星期二,31
2016/11/14 星期一,2016/11/1 星期二,90
2016/11/14 星期一,2016/11/3 星期四,23
2016/11/14 星期一,2016/11/3 星期四,70
2016/11/14 星期一,2016/11/4 星期五,19
2016/11/14 星期一,2016/11/4 星期五,47
2016/11/14 星期一,2016/11/4 星期五,48
2016/11/14 星期一,2016/11/5 星期六,8
2016/11/14 星期一,2016/11/5 星期六,70
2016/11/14 星期一,2016/11/5 星期六,91
2016/11/14 星期一,2016/11/6 星期日,29
2016/11/14 星期一,2016/11/6 星期日,55
2016/11/14 星期一,2016/11/7 星期一,1
2016/11/14 星期一,2016/11/7 星期一,15
2016/11/14 星期一,2016/11/7 星期一,51
2016/11/14 星期一,2016/11/8 星期二,11
2016/11/14 星期一,2016/11/8 星期二,100
2016/11/14 星期一,2016/11/9 星期三,18
2016/11/14 星期一,2016/11/9 星期三,51
2016/11/14 星期一,2016/11/9 星期三,76
2016/11/14 星期一,2016/11/10 星期四,80
2016/11/14 星期一,2016/11/10 星期四,85
2016/11/14 星期一,2016/11/11 星期五,27
2016/11/14 星期一,2016/11/11 星期五,68
2016/11/14 星期一,2016/11/11 星期五,69
2016/11/14 星期一,2016/11/12 星期六,9
2016/11/14 星期一,2016/11/12 星期六,27
2016/11/14 星期一,2016/11/12 星期六,46
2016/11/14 星期一,2016/11/12 星期六,92
2016/11/14 星期一,2016/11/13 星期日,10
2016/11/14 星期一,2016/11/13 星期日,37
2016/11/14 星期一,2016/11/13 星期日,88
2016/11/14 星期一,2016/11/14 星期一,35
2016/11/14 星期一,2016/11/15 星期二,38
2016/11/14 星期一,2016/11/16 星期三,60
2016/11/14 星期一,2016/11/16 星期三,73
2016/11/14 星期一,2016/11/16 星期三,100
2016/11/14 星期一,2016/11/17 星期四,12
2016/11/14 星期一,2016/11/18 星期五,7
2016/11/14 星期一,2016/11/18 星期五,13
2016/11/14 星期一,2016/11/18 星期五,18
2016/11/14 星期一,2016/11/18 星期五,53
2016/11/14 星期一,2016/11/18 星期五,69
2016/11/14 星期一,2016/11/18 星期五,86
2016/11/14 星期一,2016/11/18 星期五,89
2016/11/14 星期一,2016/11/20 星期日,93
2016/11/14 星期一,2016/11/21 星期一,1
2016/11/14 星期一,2016/11/21 星期一,1
2016/11/14 星期一,2016/11/21 星期一,9
2016/11/14 星期一,2016/11/21 星期一,67
2016/11/14 星期一,2016/11/21 星期一,83
2016/11/14 星期一,2016/11/22 星期二,19
2016/11/14 星期一,2016/11/22 星期二,25
2016/11/14 星期一,2016/11/23 星期三,10
2016/11/14 星期一,2016/11/23 星期三,73
2016/11/14 星期一,2016/11/24 星期四,18
2016/11/14 星期一,2016/11/25 星期五,12
2016/11/14 星期一,2016/11/25 星期五,35
2016/11/14 星期一,2016/11/25 星期五,39
2016/11/14 星期一,2016/11/25 星期五,52
2016/11/14 星期一,2016/11/25 星期五,96
2016/11/14 星期一,2016/11/26 星期六,34
2016/11/14 星期一,2016/11/27 星期日,70
2016/11/14 星期一,2016/11/28 星期一,10
2016/11/14 星期一,2016/11/28 星期一,51
2016/11/14 星期一,2016/11/28 星期一,60
2016/11/14 星期一,2016/11/28 星期一,71
2016/11/14 星期一,2016/11/29 星期二,29
2016/11/14 星期一,2016/11/30 星期三,20
2016/11/14 星期一,2016/11/30 星期三,37
2016/11/14 星期一,2016/11/30 星期三,51
2016/11/14 星期一,2016/11/30 星期三,54
2016/11/14 星期一,2016/11/30 星期三,74
2016/11/14 星期一,2016/11/30 星期三,74
2016/11/15 星期二,2016/11/1 星期二,22
2016/11/15 星期二,2016/11/1 星期二,52
2016/11/15 星期二,2016/11/1 星期二,89
2016/11/15 星期二,2016/11/2 星期三,12
2016/11/15 星期二,2016/11/2 星期三,53
2016/11/15 星期二,2016/11/2 星期三,59
2016/11/15 星期二,2016/11/2 星期三,71
2016/11/15 星期二,2016/11/2 星期三,77
2016/11/15 星期二,2016/11/3 星期四,41
2016/11/15 星期二,2016/11/3 星期四,79
2016/11/15 星期二,2016/11/4 星期五,6
2016/11/15 星期二,2016/11/4 星期五,14
2016/11/15 星期二,2016/11/4 星期五,18
2016/11/15 星期二,2016/11/4 星期五,89
2016/11/15 星期二,2016/11/5 星期六,57
2016/11/15 星期二,2016/11/6 星期日,63
2016/11/15 星期二,2016/11/6 星期日,85
2016/11/15 星期二,2016/11/7 星期一,5
2016/11/15 星期二,2016/11/7 星期一,62
2016/11/15 星期二,2016/11/7 星期一,70
2016/11/15 星期二,2016/11/8 星期二,15
2016/11/15 星期二,2016/11/8 星期二,32
2016/11/15 星期二,2016/11/8 星期二,42
2016/11/15 星期二,2016/11/8 星期二,97
2016/11/15 星期二,2016/11/9 星期三,30
2016/11/15 星期二,2016/11/9 星期三,62
2016/11/15 星期二,2016/11/10 星期四,87
2016/11/15 星期二,2016/11/11 星期五,2
2016/11/15 星期二,2016/11/11 星期五,83
2016/11/15 星期二,2016/11/12 星期六,23
2016/11/15 星期二,2016/11/12 星期六,73
2016/11/15 星期二,2016/11/12 星期六,77
2016/11/15 星期二,2016/11/13 星期日,29
2016/11/15 星期二,2016/11/13 星期日,51
2016/11/15 星期二,2016/11/13 星期日,53
2016/11/15 星期二,2016/11/14 星期一,93
2016/11/15 星期二,2016/11/14 星期一,100
2016/11/15 星期二,2016/11/15 星期二,69
2016/11/15 星期二,2016/11/16 星期三,13
2016/11/15 星期二,2016/11/16 星期三,78
2016/11/15 星期二,2016/11/17 星期四,24
2016/11/15 星期二,2016/11/17 星期四,86
2016/11/15 星期二,2016/11/18 星期五,7
2016/11/15 星期二,2016/11/19 星期六,7
2016/11/15 星期二,2016/11/20 星期日,40
2016/11/15 星期二,2016/11/20 星期日,50
2016/11/15 星期二,2016/11/20 星期日,56
2016/11/15 星期二,2016/11/20 星期日,89
2016/11/15 星期二,2016/11/21 星期一,53
2016/11/15 星期二,2016/11/21 星期一,64
2016/11/15 星期二,2016/11/21 星期一,94
2016/11/15 星期二,2016/11/22 星期二,62
2016/11/15 星期二,2016/11/22 星期二,87
2016/11/15 星期二,2016/11/23 星期三,33
2016/11/15 星期二,2016/11/24 星期四,39
2016/11/15 星期二,2016/11/24 星期四,100
2016/11/15 星期二,2016/11/25 星期五,20
2016/11/15 星期二,2016/11/25 星期五,44
2016/11/15 星期二,2016/11/26 星期六,72
2016/11/15 星期二,2016/11/27 星期日,31
2016/11/15 星期二,2016/11/27 星期日,51
2016/11/15 星期二,2016/11/28 星期一,50
2016/11/15 星期二,2016/11/28 星期一,63
2016/11/15 星期二,2016/11/29 星期二,27
2016/11/15 星期二,2016/11/29 星期二,33
2016/11/15 星期二,2016/11/30 星期三,34
2016/11/15 星期二,2016/11/30 星期三,49
2016/11/15 星期二,2016/11/30 星期三,67
2016/11/15 星期二,2016/11/30 星期三,79
2016/11/16 星期三,2016/11/1 星期二,53
2016/11/16 星期三,2016/11/1 星期二,58
2016/11/16 星期三,2016/11/1 星期二,87
2016/11/16 星期三,2016/11/3 星期四,41
2016/11/16 星期三,2016/11/3 星期四,41
2016/11/16 星期三,2016/11/3 星期四,77
2016/11/16 星期三,2016/11/4 星期五,2
2016/11/16 星期三,2016/11/4 星期五,2
2016/11/16 星期三,2016/11/4 星期五,69
2016/11/16 星期三,2016/11/4 星期五,87
2016/11/16 星期三,2016/11/5 星期六,41
2016/11/16 星期三,2016/11/5 星期六,41
2016/11/16 星期三,2016/11/5 星期六,72
2016/11/16 星期三,2016/11/6 星期日,15
2016/11/16 星期三,2016/11/6 星期日,30
2016/11/16 星期三,2016/11/6 星期日,79
2016/11/16 星期三,2016/11/6 星期日,86
2016/11/16 星期三,2016/11/6 星期日,91
2016/11/16 星期三,2016/11/8 星期二,40
2016/11/16 星期三,2016/11/8 星期二,45
2016/11/16 星期三,2016/11/8 星期二,88
2016/11/16 星期三,2016/11/8 星期二,93
2016/11/16 星期三,2016/11/9 星期三,6
2016/11/16 星期三,2016/11/9 星期三,11
2016/11/16 星期三,2016/11/9 星期三,25
2016/11/16 星期三,2016/11/10 星期四,98
2016/11/16 星期三,2016/11/11 星期五,28
2016/11/16 星期三,2016/11/11 星期五,55
2016/11/16 星期三,2016/11/11 星期五,78
2016/11/16 星期三,2016/11/12 星期六,6
2016/11/16 星期三,2016/11/12 星期六,42
2016/11/16 星期三,2016/11/13 星期日,46
2016/11/16 星期三,2016/11/13 星期日,46
2016/11/16 星期三,2016/11/13 星期日,68
2016/11/16 星期三,2016/11/13 星期日,87
2016/11/16 星期三,2016/11/13 星期日,95
2016/11/16 星期三,2016/11/14 星期一,1
2016/11/16 星期三,2016/11/14 星期一,11
2016/11/16 星期三,2016/11/14 星期一,32
2016/11/16 星期三,2016/11/14 星期一,71
2016/11/16 星期三,2016/11/15 星期二,13
2016/11/16 星期三,2016/11/15 星期二,81
2016/11/16 星期三,2016/11/16 星期三,13
2016/11/16 星期三,2016/11/16 星期三,72
2016/11/16 星期三,2016/11/16 星期三,93
2016/11/16 星期三,2016/11/17 星期四,11
2016/11/16 星期三,2016/11/17 星期四,92
2016/11/16 星期三,2016/11/18 星期五,51
2016/11/16 星期三,2016/11/18 星期五,66
2016/11/16 星期三,2016/11/18 星期五,82
2016/11/16 星期三,2016/11/18 星期五,92
2016/11/16 星期三,2016/11/19 星期六,1
2016/11/16 星期三,2016/11/19 星期六,6
2016/11/16 星期三,2016/11/19 星期六,14
2016/11/16 星期三,2016/11/19 星期六,55
2016/11/16 星期三,2016/11/20 星期日,17
2016/11/16 星期三,2016/11/20 星期日,20
2016/11/16 星期三,2016/11/20 星期日,43
2016/11/16 星期三,2016/11/21 星期一,99
2016/11/16 星期三,2016/11/22 星期二,27
2016/11/16 星期三,2016/11/23 星期三,14
2016/11/16 星期三,2016/11/23 星期三,57
2016/11/16 星期三,2016/11/23 星期三,82
2016/11/16 星期三,2016/11/24 星期四,64
2016/11/16 星期三,2016/11/24 星期四,100
2016/11/16 星期三,2016/11/25 星期五,88
2016/11/16 星期三,2016/11/26 星期六,19
2016/11/16 星期三,2016/11/26 星期六,47
2016/11/16 星期三,2016/11/26 星期六,49
2016/11/16 星期三,2016/11/26 星期六,53
2016/11/16 星期三,2016/11/26 星期六,64
2016/11/16 星期三,2016/11/27 星期日,37
2016/11/16 星期三,2016/11/28 星期一,37
2016/11/16 星期三,2016/11/29 星期二,2
2016/11/16 星期三,2016/11/29 星期二,6
2016/11/16 星期三,2016/11/29 星期二,54
2016/11/16 星期三,2016/11/30 星期三,29
2016/11/16 星期三,2016/11/30 星期三,36
2016/11/17 星期四,2016/11/2 星期三,22
2016/11/17 星期四,2016/11/2 星期三,42
2016/11/17 星期四,2016/11/2 星期三,51
2016/11/17 星期四,2016/11/3 星期四,4
2016/11/17 星期四,2016/11/3 星期四,44
2016/11/17 星期四,2016/11/4 星期五,1
2016/11/17 星期四,2016/11/4 星期五,25
2016/11/17 星期四,2016/11/4 星期五,25
2016/11/17 星期四,2016/11/4 星期五,30
2016/11/17 星期四,2016/11/4 星期五,49
2016/11/17 星期四,2016/11/4 星期五,67
2016/11/17 星期四,2016/11/5 星期六,54
2016/11/17 星期四,2016/11/5 星期六,77
2016/11/17 星期四,2016/11/5 星期六,85
2016/11/17 星期四,2016/11/6 星期日,61
2016/11/17 星期四,2016/11/6 星期日,66
2016/11/17 星期四,2016/11/7 星期一,72
2016/11/17 星期四,2016/11/7 星期一,94
2016/11/17 星期四,2016/11/8 星期二,13
2016/11/17 星期四,2016/11/8 星期二,74
2016/11/17 星期四,2016/11/9 星期三,3
2016/11/17 星期四,2016/11/9 星期三,25
2016/11/17 星期四,2016/11/9 星期三,39
2016/11/17 星期四,2016/11/9 星期三,46
2016/11/17 星期四,2016/11/9 星期三,51
2016/11/17 星期四,2016/11/9 星期三,57
2016/11/17 星期四,2016/11/10 星期四,97
2016/11/17 星期四,2016/11/12 星期六,60
2016/11/17 星期四,2016/11/14 星期一,52
2016/11/17 星期四,2016/11/14 星期一,99
2016/11/17 星期四,2016/11/15 星期二,82
2016/11/17 星期四,2016/11/16 星期三,71
2016/11/17 星期四,2016/11/17 星期四,9
2016/11/17 星期四,2016/11/17 星期四,39
2016/11/17 星期四,2016/11/17 星期四,42
2016/11/17 星期四,2016/11/18 星期五,17
2016/11/17 星期四,2016/11/18 星期五,17
2016/11/17 星期四,2016/11/18 星期五,25
2016/11/17 星期四,2016/11/18 星期五,60
2016/11/17 星期四,2016/11/19 星期六,39
2016/11/17 星期四,2016/11/19 星期六,49
2016/11/17 星期四,2016/11/19 星期六,63
2016/11/17 星期四,2016/11/20 星期日,12
2016/11/17 星期四,2016/11/20 星期日,16
2016/11/17 星期四,2016/11/20 星期日,33
2016/11/17 星期四,2016/11/21 星期一,22
2016/11/17 星期四,2016/11/22 星期二,7
2016/11/17 星期四,2016/11/22 星期二,95
2016/11/17 星期四,2016/11/23 星期三,73
2016/11/17 星期四,2016/11/24 星期四,14
2016/11/17 星期四,2016/11/24 星期四,29
2016/11/17 星期四,2016/11/24 星期四,40
2016/11/17 星期四,2016/11/25 星期五,61
2016/11/17 星期四,2016/11/25 星期五,69
2016/11/17 星期四,2016/11/25 星期五,79
2016/11/17 星期四,2016/11/25 星期五,85
2016/11/17 星期四,2016/11/26 星期六,47
2016/11/17 星期四,2016/11/26 星期六,55
2016/11/17 星期四,2016/11/26 星期六,63
2016/11/17 星期四,2016/11/27 星期日,62
2016/11/17 星期四,2016/11/29 星期二,41
2016/11/17 星期四,2016/11/29 星期二,60
2016/11/17 星期四,2016/11/29 星期二,69
2016/11/17 星期四,2016/11/30 星期三,10
2016/11/17 星期四,2016/11/30 星期三,17
2016/11/17 星期四,2016/11/30 星期三,26
2016/11/17 星期四,2016/11/30 星期三,45
2016/11/17 星期四,2016/11/30 星期三,97
2016/11/18 星期五,2016/11/1 星期二,61
2016/11/18 星期五,2016/11/1 星期二,93
2016/11/18 星期五,2016/11/2 星期三,47
2016/11/18 星期五,2016/11/2 星期三,52
2016/11/18 星期五,2016/11/3 星期四,72
2016/11/18 星期五,2016/11/4 星期五,25
2016/11/18 星期五,2016/11/4 星期五,71
2016/11/18 星期五,2016/11/5 星期六,47
2016/11/18 星期五,2016/11/6 星期日,16
2016/11/18 星期五,2016/11/6 星期日,37
2016/11/18 星期五,2016/11/6 星期日,67
2016/11/18 星期五,2016/11/7 星期一,82
2016/11/18 星期五,2016/11/8 星期二,53
2016/11/18 星期五,2016/11/9 星期三,38
2016/11/18 星期五,2016/11/9 星期三,48
2016/11/18 星期五,2016/11/10 星期四,49
2016/11/18 星期五,2016/11/10 星期四,92
2016/11/18 星期五,2016/11/11 星期五,16
2016/11/18 星期五,2016/11/11 星期五,70
2016/11/18 星期五,2016/11/12 星期六,31
2016/11/18 星期五,2016/11/12 星期六,33
2016/11/18 星期五,2016/11/13 星期日,14
2016/11/18 星期五,2016/11/13 星期日,52
2016/11/18 星期五,2016/11/13 星期日,53
2016/11/18 星期五,2016/11/13 星期日,63
2016/11/18 星期五,2016/11/14 星期一,20
2016/11/18 星期五,2016/11/14 星期一,33
2016/11/18 星期五,2016/11/14 星期一,45
2016/11/18 星期五,2016/11/14 星期一,46
2016/11/18 星期五,2016/11/14 星期一,84
2016/11/18 星期五,2016/11/16 星期三,16
2016/11/18 星期五,2016/11/16 星期三,34
2016/11/18 星期五,2016/11/17 星期四,47
2016/11/18 星期五,2016/11/17 星期四,84
2016/11/18 星期五,2016/11/17 星期四,94
2016/11/18 星期五,2016/11/18 星期五,52
2016/11/18 星期五,2016/11/18 星期五,57
2016/11/18 星期五,2016/11/18 星期五,73
2016/11/18 星期五,2016/11/20 星期日,29
2016/11/18 星期五,2016/11/20 星期日,72
2016/11/18 星期五,2016/11/20 星期日,83
2016/11/18 星期五,2016/11/21 星期一,4
2016/11/18 星期五,2016/11/21 星期一,29
2016/11/18 星期五,2016/11/21 星期一,45
2016/11/18 星期五,2016/11/21 星期一,89
2016/11/18 星期五,2016/11/23 星期三,3
2016/11/18 星期五,2016/11/23 星期三,48
2016/11/18 星期五,2016/11/23 星期三,52
2016/11/18 星期五,2016/11/23 星期三,68
2016/11/18 星期五,2016/11/24 星期四,47
2016/11/18 星期五,2016/11/24 星期四,62
2016/11/18 星期五,2016/11/25 星期五,38
2016/11/18 星期五,2016/11/25 星期五,39
2016/11/18 星期五,2016/11/25 星期五,41
2016/11/18 星期五,2016/11/26 星期六,1
2016/11/18 星期五,2016/11/26 星期六,8
2016/11/18 星期五,2016/11/26 星期六,72
2016/11/18 星期五,2016/11/27 星期日,28
2016/11/18 星期五,2016/11/27 星期日,76
2016/11/18 星期五,2016/11/27 星期日,78
2016/11/18 星期五,2016/11/28 星期一,15
2016/11/18 星期五,2016/11/28 星期一,19
2016/11/18 星期五,2016/11/28 星期一,31
2016/11/18 星期五,2016/11/29 星期二,12
2016/11/18 星期五,2016/11/29 星期二,14
2016/11/18 星期五,2016/11/29 星期二,78
2016/11/18 星期五,2016/11/29 星期二,87
2016/11/18 星期五,2016/11/30 星期三,41
2016/11/18 星期五,2016/11/30 星期三,92
2016/11/18 星期五,2016/11/30 星期三,97
2016/11/19 星期六,2016/11/1 星期二,68
2016/11/19 星期六,2016/11/1 星期二,73
2016/11/19 星期六,2016/11/1 星期二,85
2016/11/19 星期六,2016/11/2 星期三,12
2016/11/19 星期六,2016/11/2 星期三,48
2016/11/19 星期六,2016/11/2 星期三,76
2016/11/19 星期六,2016/11/3 星期四,35
2016/11/19 星期六,2016/11/3 星期四,64
2016/11/19 星期六,2016/11/3 星期四,72
2016/11/19 星期六,2016/11/3 星期四,100
2016/11/19 星期六,2016/11/4 星期五,1
2016/11/19 星期六,2016/11/4 星期五,44
2016/11/19 星期六,2016/11/5 星期六,3
2016/11/19 星期六,2016/11/5 星期六,23
2016/11/19 星期六,2016/11/5 星期六,43
2016/11/19 星期六,2016/11/5 星期六,76
2016/11/19 星期六,2016/11/6 星期日,41
2016/11/19 星期六,2016/11/6 星期日,46
2016/11/19 星期六,2016/11/6 星期日,87
2016/11/19 星期六,2016/11/7 星期一,74
2016/11/19 星期六,2016/11/8 星期二,65
2016/11/19 星期六,2016/11/8 星期二,90
2016/11/19 星期六,2016/11/8 星期二,99
2016/11/19 星期六,2016/11/8 星期二,100
2016/11/19 星期六,2016/11/9 星期三,3
2016/11/19 星期六,2016/11/9 星期三,46
2016/11/19 星期六,2016/11/9 星期三,68
2016/11/19 星期六,2016/11/10 星期四,53
2016/11/19 星期六,2016/11/10 星期四,84
2016/11/19 星期六,2016/11/10 星期四,89
2016/11/19 星期六,2016/11/11 星期五,78
2016/11/19 星期六,2016/11/12 星期六,61
2016/11/19 星期六,2016/11/12 星期六,75
2016/11/19 星期六,2016/11/13 星期日,4
2016/11/19 星期六,2016/11/13 星期日,14
2016/11/19 星期六,2016/11/13 星期日,53
2016/11/19 星期六,2016/11/13 星期日,79
2016/11/19 星期六,2016/11/13 星期日,84
2016/11/19 星期六,2016/11/14 星期一,7
2016/11/19 星期六,2016/11/14 星期一,33
2016/11/19 星期六,2016/11/15 星期二,21
2016/11/19 星期六,2016/11/15 星期二,44
2016/11/19 星期六,2016/11/15 星期二,54
2016/11/19 星期六,2016/11/15 星期二,97
2016/11/19 星期六,2016/11/16 星期三,70
2016/11/19 星期六,2016/11/16 星期三,92
2016/11/19 星期六,2016/11/17 星期四,40
2016/11/19 星期六,2016/11/19 星期六,85
2016/11/19 星期六,2016/11/19 星期六,89
2016/11/19 星期六,2016/11/20 星期日,63
2016/11/19 星期六,2016/11/20 星期日,70
2016/11/19 星期六,2016/11/21 星期一,34
2016/11/19 星期六,2016/11/21 星期一,37
2016/11/19 星期六,2016/11/22 星期二,27
2016/11/19 星期六,2016/11/22 星期二,44
2016/11/19 星期六,2016/11/22 星期二,69
2016/11/19 星期六,2016/11/22 星期二,94
2016/11/19 星期六,2016/11/23 星期三,13
2016/11/19 星期六,2016/11/23 星期三,16
2016/11/19 星期六,2016/11/23 星期三,38
2016/11/19 星期六,2016/11/24 星期四,50
2016/11/19 星期六,2016/11/25 星期五,18
2016/11/19 星期六,2016/11/25 星期五,42
2016/11/19 星期六,2016/11/26 星期六,35
2016/11/19 星期六,2016/11/26 星期六,53
2016/11/19 星期六,2016/11/29 星期二,33
2016/11/19 星期六,2016/11/30 星期三,9
2016/11/19 星期六,2016/11/30 星期三,39
2016/11/19 星期六,2016/11/30 星期三,56
2016/11/19 星期六,2016/11/30 星期三,60
2016/11/20 星期日,2016/11/1 星期二,7
2016/11/20 星期日,2016/11/1 星期二,33
2016/11/20 星期日,2016/11/1 星期二,97
2016/11/20 星期日,2016/11/2 星期三,3
2016/11/20 星期日,2016/11/2 星期三,28
2016/11/20 星期日,2016/11/3 星期四,43
2016/11/20 星期日,2016/11/3 星期四,57
2016/11/20 星期日,2016/11/4 星期五,4
2016/11/20 星期日,2016/11/4 星期五,21
2016/11/20 星期日,2016/11/4 星期五,54
2016/11/20 星期日,2016/11/5 星期六,78
2016/11/20 星期日,2016/11/5 星期六,89
2016/11/20 星期日,2016/11/6 星期日,31
2016/11/20 星期日,2016/11/6 星期日,43
2016/11/20 星期日,2016/11/6 星期日,65
2016/11/20 星期日,2016/11/6 星期日,82
2016/11/20 星期日,2016/11/8 星期二,86
2016/11/20 星期日,2016/11/8 星期二,99
2016/11/20 星期日,2016/11/9 星期三,8
2016/11/20 星期日,2016/11/9 星期三,89
2016/11/20 星期日,2016/11/10 星期四,2
2016/11/20 星期日,2016/11/10 星期四,26
2016/11/20 星期日,2016/11/10 星期四,84
2016/11/20 星期日,2016/11/11 星期五,51
2016/11/20 星期日,2016/11/11 星期五,89
2016/11/20 星期日,2016/11/12 星期六,32
2016/11/20 星期日,2016/11/12 星期六,35
2016/11/20 星期日,2016/11/12 星期六,70
2016/11/20 星期日,2016/11/12 星期六,80
2016/11/20 星期日,2016/11/13 星期日,14
2016/11/20 星期日,2016/11/14 星期一,14
2016/11/20 星期日,2016/11/14 星期一,41
2016/11/20 星期日,2016/11/14 星期一,75
2016/11/20 星期日,2016/11/15 星期二,5
2016/11/20 星期日,2016/11/15 星期二,62
2016/11/20 星期日,2016/11/16 星期三,28
2016/11/20 星期日,2016/11/16 星期三,30
2016/11/20 星期日,2016/11/16 星期三,32
2016/11/20 星期日,2016/11/16 星期三,71
2016/11/20 星期日,2016/11/16 星期三,93
2016/11/20 星期日,2016/11/17 星期四,50
2016/11/20 星期日,2016/11/17 星期四,91
2016/11/20 星期日,2016/11/19 星期六,74
2016/11/20 星期日,2016/11/20 星期日,56
2016/11/20 星期日,2016/11/20 星期日,59
2016/11/20 星期日,2016/11/21 星期一,37
2016/11/20 星期日,2016/11/21 星期一,45
2016/11/20 星期日,2016/11/22 星期二,20
2016/11/20 星期日,2016/11/22 星期二,92
2016/11/20 星期日,2016/11/23 星期三,48
2016/11/20 星期日,2016/11/23 星期三,53
2016/11/20 星期日,2016/11/23 星期三,83
2016/11/20 星期日,2016/11/23 星期三,83
2016/11/20 星期日,2016/11/23 星期三,90
2016/11/20 星期日,2016/11/24 星期四,31
2016/11/20 星期日,2016/11/24 星期四,74
2016/11/20 星期日,2016/11/24 星期四,82
2016/11/20 星期日,2016/11/25 星期五,20
2016/11/20 星期日,2016/11/25 星期五,56
2016/11/20 星期日,2016/11/27 星期日,72
2016/11/20 星期日,2016/11/27 星期日,87
2016/11/20 星期日,2016/11/28 星期一,49
2016/11/20 星期日,2016/11/28 星期一,96
2016/11/20 星期日,2016/11/29 星期二,83
2016/11/20 星期日,2016/11/30 星期三,59
2016/11/20 星期日,2016/11/30 星期三,98
2016/11/21 星期一,2016/11/1 星期二,17
2016/11/21 星期一,2016/11/1 星期二,51
2016/11/21 星期一,2016/11/1 星期二,82
2016/11/21 星期一,2016/11/3 星期四,29
2016/11/21 星期一,2016/11/4 星期五,5
2016/11/21 星期一,2016/11/4 星期五,25
2016/11/21 星期一,2016/11/4 星期五,82
2016/11/21 星期一,2016/11/6 星期日,64
2016/11/21 星期一,2016/11/6 星期日,90
2016/11/21 星期一,2016/11/7 星期一,39
2016/11/21 星期一,2016/11/7 星期一,45
2016/11/21 星期一,2016/11/7 星期一,88
2016/11/21 星期一,2016/11/9 星期三,3
2016/11/21 星期一,2016/11/9 星期三,20
2016/11/21 星期一,2016/11/9 星期三,99
2016/11/21 星期一,2016/11/9 星期三,100
2016/11/21 星期一,2016/11/10 星期四,64
2016/11/21 星期一,2016/11/11 星期五,5
2016/11/21 星期一,2016/11/11 星期五,7
2016/11/21 星期一,2016/11/11 星期五,28
2016/11/21 星期一,2016/11/11 星期五,67
2016/11/21 星期一,2016/11/11 星期五,73
2016/11/21 星期一,2016/11/12 星期六,32
2016/11/21 星期一,2016/11/12 星期六,60
2016/11/21 星期一,2016/11/12 星期六,87
2016/11/21 星期一,2016/11/13 星期日,7
2016/11/21 星期一,2016/11/13 星期日,14
2016/11/21 星期一,2016/11/13 星期日,52
2016/11/21 星期一,2016/11/14 星期一,33
2016/11/21 星期一,2016/11/14 星期一,52
2016/11/21 星期一,2016/11/14 星期一,77
2016/11/21 星期一,2016/11/14 星期一,79
2016/11/21 星期一,2016/11/15 星期二,13
2016/11/21 星期一,2016/11/15 星期二,15
2016/11/21 星期一,2016/11/15 星期二,24
2016/11/21 星期一,2016/11/15 星期二,55
2016/11/21 星期一,2016/11/16 星期三,15
2016/11/21 星期一,2016/11/16 星期三,26
2016/11/21 星期一,2016/11/16 星期三,52
2016/11/21 星期一,2016/11/17 星期四,79
2016/11/21 星期一,2016/11/18 星期五,19
2016/11/21 星期一,2016/11/18 星期五,24
2016/11/21 星期一,2016/11/18 星期五,91
2016/11/21 星期一,2016/11/20 星期日,84
2016/11/21 星期一,2016/11/20 星期日,99
2016/11/21 星期一,2016/11/21 星期一,13
2016/11/21 星期一,2016/11/21 星期一,44
2016/11/21 星期一,2016/11/21 星期一,61
2016/11/21 星期一,2016/11/21 星期一,90
2016/11/21 星期一,2016/11/23 星期三,20
2016/11/21 星期一,2016/11/24 星期四,2
2016/11/21 星期一,2016/11/24 星期四,41
2016/11/21 星期一,2016/11/24 星期四,44
2016/11/21 星期一,2016/11/24 星期四,45
2016/11/21 星期一,2016/11/25 星期五,81
2016/11/21 星期一,2016/11/25 星期五,87
2016/11/21 星期一,2016/11/25 星期五,95
2016/11/21 星期一,2016/11/25 星期五,98
2016/11/21 星期一,2016/11/26 星期六,27
2016/11/21 星期一,2016/11/26 星期六,80
2016/11/21 星期一,2016/11/26 星期六,96
2016/11/21 星期一,2016/11/27 星期日,78
2016/11/21 星期一,2016/11/27 星期日,85
2016/11/21 星期一,2016/11/28 星期一,53
2016/11/21 星期一,2016/11/28 星期一,60
2016/11/21 星期一,2016/11/28 星期一,75
2016/11/21 星期一,2016/11/29 星期二,38
2016/11/21 星期一,2016/11/29 星期二,54
2016/11/21 星期一,2016/11/29 星期二,63
2016/11/21 星期一,2016/11/29 星期二,67
2016/11/21 星期一,2016/11/30 星期三,13
2016/11/22 星期二,2016/11/1 星期二,81
2016/11/22 星期二,2016/11/2 星期三,36
2016/11/22 星期二,2016/11/2 星期三,63
2016/11/22 星期二,2016/11/3 星期四,37
2016/11/22 星期二,2016/11/4 星期五,10
2016/11/22 星期二,2016/11/5 星期六,4
2016/11/22 星期二,2016/11/5 星期六,28
2016/11/22 星期二,2016/11/5 星期六,32
2016/11/22 星期二,2016/11/5 星期六,80
2016/11/22 星期二,2016/11/6 星期日,19
2016/11/22 星期二,2016/11/6 星期日,21
2016/11/22 星期二,2016/11/6 星期日,41
2016/11/22 星期二,2016/11/6 星期日,41
2016/11/22 星期二,2016/11/7 星期一,51
2016/11/22 星期二,2016/11/7 星期一,78
2016/11/22 星期二,2016/11/8 星期二,30
2016/11/22 星期二,2016/11/8 星期二,62
2016/11/22 星期二,2016/11/9 星期三,10
2016/11/22 星期二,2016/11/9 星期三,57
2016/11/22 星期二,2016/11/10 星期四,44
2016/11/22 星期二,2016/11/10 星期四,96
2016/11/22 星期二,2016/11/11 星期五,51
2016/11/22 星期二,2016/11/11 星期五,54
2016/11/22 星期二,2016/11/13 星期日,67
2016/11/22 星期二,2016/11/14 星期一,4
2016/11/22 星期二,2016/11/14 星期一,34
2016/11/22 星期二,2016/11/14 星期一,65
2016/11/22 星期二,2016/11/14 星期一,83
2016/11/22 星期二,2016/11/15 星期二,38
2016/11/22 星期二,2016/11/15 星期二,69
2016/11/22 星期二,2016/11/16 星期三,13
2016/11/22 星期二,2016/11/16 星期三,32
2016/11/22 星期二,2016/11/16 星期三,36
2016/11/22 星期二,2016/11/16 星期三,38
2016/11/22 星期二,2016/11/16 星期三,60
2016/11/22 星期二,2016/11/17 星期四,13
2016/11/22 星期二,2016/11/17 星期四,25
2016/11/22 星期二,2016/11/17 星期四,44
2016/11/22 星期二,2016/11/17 星期四,71
2016/11/22 星期二,2016/11/17 星期四,78
2016/11/22 星期二,2016/11/18 星期五,3
2016/11/22 星期二,2016/11/18 星期五,6
2016/11/22 星期二,2016/11/18 星期五,9
2016/11/22 星期二,2016/11/18 星期五,32
2016/11/22 星期二,2016/11/18 星期五,32
2016/11/22 星期二,2016/11/18 星期五,37
2016/11/22 星期二,2016/11/18 星期五,48
2016/11/22 星期二,2016/11/18 星期五,82
2016/11/22 星期二,2016/11/19 星期六,12
2016/11/22 星期二,2016/11/19 星期六,37
2016/11/22 星期二,2016/11/19 星期六,89
2016/11/22 星期二,2016/11/20 星期日,45
2016/11/22 星期二,2016/11/20 星期日,45
2016/11/22 星期二,2016/11/20 星期日,69
2016/11/22 星期二,2016/11/21 星期一,1
2016/11/22 星期二,2016/11/21 星期一,46
2016/11/22 星期二,2016/11/21 星期一,100
2016/11/22 星期二,2016/11/25 星期五,7
2016/11/22 星期二,2016/11/25 星期五,46
2016/11/22 星期二,2016/11/25 星期五,79
2016/11/22 星期二,2016/11/25 星期五,92
2016/11/22 星期二,2016/11/27 星期日,13
2016/11/22 星期二,2016/11/27 星期日,39
2016/11/22 星期二,2016/11/27 星期日,69
2016/11/22 星期二,2016/11/28 星期一,72
2016/11/22 星期二,2016/11/29 星期二,33
2016/11/22 星期二,2016/11/29 星期二,64
2016/11/22 星期二,2016/11/29 星期二,87
2016/11/22 星期二,2016/11/30 星期三,20
2016/11/22 星期二,2016/11/30 星期三,33
2016/11/22 星期二,2016/11/30 星期三,91
2016/11/22 星期二,2016/11/30 星期三,95
2016/11/22 星期二,2016/11/30 星期三,100
2016/11/23 星期三,2016/11/1 星期二,34
2016/11/23 星期三,2016/11/1 星期二,85
2016/11/23 星期三,2016/11/2 星期三,74
2016/11/23 星期三,2016/11/3 星期四,64
2016/11/23 星期三,2016/11/3 星期四,69
2016/11/23 星期三,2016/11/4 星期五,4
2016/11/23 星期三,2016/11/4 星期五,8
2016/11/23 星期三,2016/11/4 星期五,80
2016/11/23 星期三,2016/11/5 星期六,62
2016/11/23 星期三,2016/11/5 星期六,64
2016/11/23 星期三,2016/11/6 星期日,33
2016/11/23 星期三,2016/11/6 星期日,53
2016/11/23 星期三,2016/11/6 星期日,72
2016/11/23 星期三,2016/11/6 星期日,98
2016/11/23 星期三,2016/11/7 星期一,37
2016/11/23 星期三,2016/11/7 星期一,74
2016/11/23 星期三,2016/11/7 星期一,77
2016/11/23 星期三,2016/11/7 星期一,97
2016/11/23 星期三,2016/11/8 星期二,8
2016/11/23 星期三,2016/11/8 星期二,22
2016/11/23 星期三,2016/11/8 星期二,77
2016/11/23 星期三,2016/11/9 星期三,18
2016/11/23 星期三,2016/11/9 星期三,48
2016/11/23 星期三,2016/11/9 星期三,63
2016/11/23 星期三,2016/11/9 星期三,80
2016/11/23 星期三,2016/11/10 星期四,26
2016/11/23 星期三,2016/11/10 星期四,48
2016/11/23 星期三,2016/11/10 星期四,80
2016/11/23 星期三,2016/11/11 星期五,23
2016/11/23 星期三,2016/11/12 星期六,65
2016/11/23 星期三,2016/11/12 星期六,79
2016/11/23 星期三,2016/11/12 星期六,84
2016/11/23 星期三,2016/11/13 星期日,19
2016/11/23 星期三,2016/11/13 星期日,95
2016/11/23 星期三,2016/11/14 星期一,18
2016/11/23 星期三,2016/11/14 星期一,21
2016/11/23 星期三,2016/11/14 星期一,46
2016/11/23 星期三,2016/11/14 星期一,61
2016/11/23 星期三,2016/11/14 星期一,69
2016/11/23 星期三,2016/11/14 星期一,69
2016/11/23 星期三,2016/11/15 星期二,37
2016/11/23 星期三,2016/11/16 星期三,11
2016/11/23 星期三,2016/11/16 星期三,31
2016/11/23 星期三,2016/11/16 星期三,39
2016/11/23 星期三,2016/11/17 星期四,59
2016/11/23 星期三,2016/11/17 星期四,75
2016/11/23 星期三,2016/11/17 星期四,79
2016/11/23 星期三,2016/11/18 星期五,34
2016/11/23 星期三,2016/11/19 星期六,60
2016/11/23 星期三,2016/11/20 星期日,24
2016/11/23 星期三,2016/11/20 星期日,38
2016/11/23 星期三,2016/11/21 星期一,37
2016/11/23 星期三,2016/11/21 星期一,74
2016/11/23 星期三,2016/11/22 星期二,6
2016/11/23 星期三,2016/11/22 星期二,7
2016/11/23 星期三,2016/11/22 星期二,16
2016/11/23 星期三,2016/11/22 星期二,19
2016/11/23 星期三,2016/11/22 星期二,77
2016/11/23 星期三,2016/11/23 星期三,7
2016/11/23 星期三,2016/11/23 星期三,38
2016/11/23 星期三,2016/11/24 星期四,12
2016/11/23 星期三,2016/11/24 星期四,84
2016/11/23 星期三,2016/11/25 星期五,9
2016/11/23 星期三,2016/11/25 星期五,72
2016/11/23 星期三,2016/11/26 星期六,10
2016/11/23 星期三,2016/11/26 星期六,89
2016/11/23 星期三,2016/11/27 星期日,72
2016/11/23 星期三,2016/11/28 星期一,93
2016/11/23 星期三,2016/11/29 星期二,4
2016/11/23 星期三,2016/11/29 星期二,5
2016/11/23 星期三,2016/11/29 星期二,98
2016/11/23 星期三,2016/11/30 星期三,35
2016/11/24 星期四,2016/11/1 星期二,32
2016/11/24 星期四,2016/11/1 星期二,71
2016/11/24 星期四,2016/11/1 星期二,72
2016/11/24 星期四,2016/11/2 星期三,20
2016/11/24 星期四,2016/11/2 星期三,25
2016/11/24 星期四,2016/11/2 星期三,27
2016/11/24 星期四,2016/11/2 星期三,66
2016/11/24 星期四,2016/11/2 星期三,96
2016/11/24 星期四,2016/11/3 星期四,34
2016/11/24 星期四,2016/11/3 星期四,42
2016/11/24 星期四,2016/11/3 星期四,56
2016/11/24 星期四,2016/11/4 星期五,29
2016/11/24 星期四,2016/11/4 星期五,70
2016/11/24 星期四,2016/11/4 星期五,78
2016/11/24 星期四,2016/11/4 星期五,88
2016/11/24 星期四,2016/11/4 星期五,92
2016/11/24 星期四,2016/11/5 星期六,47
2016/11/24 星期四,2016/11/6 星期日,35
2016/11/24 星期四,2016/11/7 星期一,35
2016/11/24 星期四,2016/11/7 星期一,93
2016/11/24 星期四,2016/11/8 星期二,1
2016/11/24 星期四,2016/11/8 星期二,30
2016/11/24 星期四,2016/11/8 星期二,91
2016/11/24 星期四,2016/11/9 星期三,70
2016/11/24 星期四,2016/11/9 星期三,88
2016/11/24 星期四,2016/11/10 星期四,8
2016/11/24 星期四,2016/11/10 星期四,22
2016/11/24 星期四,2016/11/11 星期五,20
2016/11/24 星期四,2016/11/11 星期五,75
2016/11/24 星期四,2016/11/12 星期六,54
2016/11/24 星期四,2016/11/12 星期六,93
2016/11/24 星期四,2016/11/13 星期日,10
2016/11/24 星期四,2016/11/13 星期日,43
2016/11/24 星期四,2016/11/13 星期日,77
2016/11/24 星期四,2016/11/14 星期一,55
2016/11/24 星期四,2016/11/16 星期三,13
2016/11/24 星期四,2016/11/16 星期三,49
2016/11/24 星期四,2016/11/18 星期五,46
2016/11/24 星期四,2016/11/19 星期六,41
2016/11/24 星期四,2016/11/20 星期日,71
2016/11/24 星期四,2016/11/20 星期日,75
2016/11/24 星期四,2016/11/20 星期日,87
2016/11/24 星期四,2016/11/21 星期一,6
2016/11/24 星期四,2016/11/21 星期一,65
2016/11/24 星期四,2016/11/22 星期二,53
2016/11/24 星期四,2016/11/23 星期三,10
2016/11/24 星期四,2016/11/23 星期三,15
2016/11/24 星期四,2016/11/23 星期三,30
2016/11/24 星期四,2016/11/23 星期三,42
2016/11/24 星期四,2016/11/24 星期四,20
2016/11/24 星期四,2016/11/24 星期四,60
2016/11/24 星期四,2016/11/25 星期五,73
2016/11/24 星期四,2016/11/26 星期六,19
2016/11/24 星期四,2016/11/26 星期六,52
2016/11/24 星期四,2016/11/26 星期六,55
2016/11/24 星期四,2016/11/27 星期日,19
2016/11/24 星期四,2016/11/28 星期一,19
2016/11/24 星期四,2016/11/28 星期一,28
2016/11/24 星期四,2016/11/28 星期一,35
2016/11/24 星期四,2016/11/30 星期三,19
2016/11/24 星期四,2016/11/30 星期三,35
2016/11/24 星期四,2016/11/30 星期三,45
2016/11/24 星期四,2016/11/30 星期三,54
2016/11/25 星期五,2016/11/1 星期二,23
2016/11/25 星期五,2016/11/1 星期二,25
2016/11/25 星期五,2016/11/2 星期三,16
2016/11/25 星期五,2016/11/2 星期三,39
2016/11/25 星期五,2016/11/2 星期三,63
2016/11/25 星期五,2016/11/3 星期四,8
2016/11/25 星期五,2016/11/4 星期五,66
2016/11/25 星期五,2016/11/5 星期六,47
2016/11/25 星期五,2016/11/5 星期六,63
2016/11/25 星期五,2016/11/5 星期六,71
2016/11/25 星期五,2016/11/5 星期六,99
2016/11/25 星期五,2016/11/5 星期六,100
2016/11/25 星期五,2016/11/6 星期日,44
2016/11/25 星期五,2016/11/7 星期一,1
2016/11/25 星期五,2016/11/8 星期二,41
2016/11/25 星期五,2016/11/8 星期二,42
2016/11/25 星期五,2016/11/8 星期二,96
2016/11/25 星期五,2016/11/9 星期三,6
2016/11/25 星期五,2016/11/9 星期三,90
2016/11/25 星期五,2016/11/10 星期四,1
2016/11/25 星期五,2016/11/10 星期四,89
2016/11/25 星期五,2016/11/10 星期四,96
2016/11/25 星期五,2016/11/10 星期四,97
2016/11/25 星期五,2016/11/10 星期四,98
2016/11/25 星期五,2016/11/11 星期五,13
2016/11/25 星期五,2016/11/11 星期五,45
2016/11/25 星期五,2016/11/11 星期五,76
2016/11/25 星期五,2016/11/11 星期五,89
2016/11/25 星期五,2016/11/11 星期五,100
2016/11/25 星期五,2016/11/12 星期六,50
2016/11/25 星期五,2016/11/12 星期六,59
2016/11/25 星期五,2016/11/12 星期六,80
2016/11/25 星期五,2016/11/12 星期六,89
2016/11/25 星期五,2016/11/13 星期日,4
2016/11/25 星期五,2016/11/14 星期一,33
2016/11/25 星期五,2016/11/14 星期一,42
2016/11/25 星期五,2016/11/14 星期一,52
2016/11/25 星期五,2016/11/14 星期一,54
2016/11/25 星期五,2016/11/14 星期一,59
2016/11/25 星期五,2016/11/15 星期二,33
2016/11/25 星期五,2016/11/15 星期二,72
2016/11/25 星期五,2016/11/16 星期三,3
2016/11/25 星期五,2016/11/16 星期三,26
2016/11/25 星期五,2016/11/16 星期三,96
2016/11/25 星期五,2016/11/17 星期四,28
2016/11/25 星期五,2016/11/17 星期四,60
2016/11/25 星期五,2016/11/17 星期四,76
2016/11/25 星期五,2016/11/18 星期五,22
2016/11/25 星期五,2016/11/18 星期五,37
2016/11/25 星期五,2016/11/19 星期六,46
2016/11/25 星期五,2016/11/19 星期六,84
2016/11/25 星期五,2016/11/20 星期日,15
2016/11/25 星期五,2016/11/20 星期日,65
2016/11/25 星期五,2016/11/20 星期日,77
2016/11/25 星期五,2016/11/20 星期日,83
2016/11/25 星期五,2016/11/20 星期日,99
2016/11/25 星期五,2016/11/21 星期一,42
2016/11/25 星期五,2016/11/22 星期二,23
2016/11/25 星期五,2016/11/22 星期二,32
2016/11/25 星期五,2016/11/22 星期二,94
2016/11/25 星期五,2016/11/23 星期三,25
2016/11/25 星期五,2016/11/23 星期三,29
2016/11/25 星期五,2016/11/23 星期三,50
2016/11/25 星期五,2016/11/23 星期三,58
2016/11/25 星期五,2016/11/23 星期三,61
2016/11/25 星期五,2016/11/24 星期四,59
2016/11/25 星期五,2016/11/25 星期五,2
2016/11/25 星期五,2016/11/25 星期五,90
2016/11/25 星期五,2016/11/26 星期六,20
2016/11/25 星期五,2016/11/26 星期六,76
2016/11/25 星期五,2016/11/27 星期日,58
2016/11/25 星期五,2016/11/28 星期一,27
2016/11/25 星期五,2016/11/28 星期一,63
2016/11/25 星期五,2016/11/28 星期一,94
2016/11/25 星期五,2016/11/29 星期二,1
2016/11/25 星期五,2016/11/29 星期二,78
2016/11/25 星期五,2016/11/29 星期二,92
2016/11/25 星期五,2016/11/29 星期二,98
2016/11/25 星期五,2016/11/30 星期三,84
2016/11/26 星期六,2016/11/1 星期二,41
2016/11/26 星期六,2016/11/2 星期三,15
2016/11/26 星期六,2016/11/2 星期三,33
2016/11/26 星期六,2016/11/2 星期三,46
2016/11/26 星期六,2016/11/2 星期三,66
2016/11/26 星期六,2016/11/3 星期四,98
2016/11/26 星期六,2016/11/4 星期五,69
2016/11/26 星期六,2016/11/4 星期五,92
2016/11/26 星期六,2016/11/5 星期六,58
2016/11/26 星期六,2016/11/5 星期六,95
2016/11/26 星期六,2016/11/6 星期日,38
2016/11/26 星期六,2016/11/7 星期一,3
2016/11/26 星期六,2016/11/7 星期一,5
2016/11/26 星期六,2016/11/7 星期一,75
2016/11/26 星期六,2016/11/7 星期一,77
2016/11/26 星期六,2016/11/8 星期二,13
2016/11/26 星期六,2016/11/8 星期二,76
2016/11/26 星期六,2016/11/9 星期三,10
2016/11/26 星期六,2016/11/9 星期三,63
2016/11/26 星期六,2016/11/10 星期四,37
2016/11/26 星期六,2016/11/10 星期四,57
2016/11/26 星期六,2016/11/10 星期四,84
2016/11/26 星期六,2016/11/10 星期四,86
2016/11/26 星期六,2016/11/11 星期五,7
2016/11/26 星期六,2016/11/11 星期五,29
2016/11/26 星期六,2016/11/11 星期五,75
2016/11/26 星期六,2016/11/11 星期五,94
2016/11/26 星期六,2016/11/11 星期五,100
2016/11/26 星期六,2016/11/12 星期六,61
2016/11/26 星期六,2016/11/13 星期日,13
2016/11/26 星期六,2016/11/13 星期日,42
2016/11/26 星期六,2016/11/14 星期一,10
2016/11/26 星期六,2016/11/15 星期二,1
2016/11/26 星期六,2016/11/15 星期二,7
2016/11/26 星期六,2016/11/15 星期二,9
2016/11/26 星期六,2016/11/15 星期二,13
2016/11/26 星期六,2016/11/15 星期二,54
2016/11/26 星期六,2016/11/15 星期二,55
2016/11/26 星期六,2016/11/16 星期三,31
2016/11/26 星期六,2016/11/16 星期三,64
2016/11/26 星期六,2016/11/16 星期三,93
2016/11/26 星期六,2016/11/17 星期四,28
2016/11/26 星期六,2016/11/18 星期五,48
2016/11/26 星期六,2016/11/19 星期六,36
2016/11/26 星期六,2016/11/20 星期日,17
2016/11/26 星期六,2016/11/20 星期日,77
2016/11/26 星期六,2016/11/20 星期日,83
2016/11/26 星期六,2016/11/21 星期一,4
2016/11/26 星期六,2016/11/21 星期一,27
2016/11/26 星期六,2016/11/21 星期一,71
2016/11/26 星期六,2016/11/22 星期二,47
2016/11/26 星期六,2016/11/23 星期三,56
2016/11/26 星期六,2016/11/23 星期三,78
2016/11/26 星期六,2016/11/23 星期三,88
2016/11/26 星期六,2016/11/24 星期四,11
2016/11/26 星期六,2016/11/24 星期四,16
2016/11/26 星期六,2016/11/25 星期五,9
2016/11/26 星期六,2016/11/25 星期五,62
2016/11/26 星期六,2016/11/26 星期六,1
2016/11/26 星期六,2016/11/26 星期六,20
2016/11/26 星期六,2016/11/26 星期六,29
2016/11/26 星期六,2016/11/26 星期六,52
2016/11/26 星期六,2016/11/27 星期日,72
2016/11/26 星期六,2016/11/27 星期日,87
2016/11/26 星期六,2016/11/28 星期一,41
2016/11/26 星期六,2016/11/28 星期一,47
2016/11/26 星期六,2016/11/28 星期一,75
2016/11/26 星期六,2016/11/29 星期二,77
2016/11/26 星期六,2016/11/29 星期二,81
2016/11/26 星期六,2016/11/30 星期三,82
2016/11/27 星期日,2016/11/1 星期二,17
2016/11/27 星期日,2016/11/1 星期二,39
2016/11/27 星期日,2016/11/1 星期二,98
2016/11/27 星期日,2016/11/2 星期三,18
2016/11/27 星期日,2016/11/3 星期四,55
2016/11/27 星期日,2016/11/3 星期四,89
2016/11/27 星期日,2016/11/4 星期五,14
2016/11/27 星期日,2016/11/4 星期五,25
2016/11/27 星期日,2016/11/5 星期六,35
2016/11/27 星期日,2016/11/5 星期六,99
2016/11/27 星期日,2016/11/6 星期日,11
2016/11/27 星期日,2016/11/6 星期日,21
2016/11/27 星期日,2016/11/6 星期日,27
2016/11/27 星期日,2016/11/6 星期日,80
2016/11/27 星期日,2016/11/7 星期一,35
2016/11/27 星期日,2016/11/8 星期二,20
2016/11/27 星期日,2016/11/8 星期二,35
2016/11/27 星期日,2016/11/9 星期三,24
2016/11/27 星期日,2016/11/9 星期三,46
2016/11/27 星期日,2016/11/9 星期三,67
2016/11/27 星期日,2016/11/10 星期四,25
2016/11/27 星期日,2016/11/10 星期四,37
2016/11/27 星期日,2016/11/11 星期五,75
2016/11/27 星期日,2016/11/11 星期五,93
2016/11/27 星期日,2016/11/12 星期六,35
2016/11/27 星期日,2016/11/12 星期六,64
2016/11/27 星期日,2016/11/12 星期六,89
2016/11/27 星期日,2016/11/13 星期日,34
2016/11/27 星期日,2016/11/13 星期日,63
2016/11/27 星期日,2016/11/14 星期一,33
2016/11/27 星期日,2016/11/14 星期一,52
2016/11/27 星期日,2016/11/15 星期二,32
2016/11/27 星期日,2016/11/15 星期二,87
2016/11/27 星期日,2016/11/16 星期三,53
2016/11/27 星期日,2016/11/16 星期三,58
2016/11/27 星期日,2016/11/17 星期四,11
2016/11/27 星期日,2016/11/18 星期五,6
2016/11/27 星期日,2016/11/18 星期五,13
2016/11/27 星期日,2016/11/18 星期五,29
2016/11/27 星期日,2016/11/18 星期五,34
2016/11/27 星期日,2016/11/18 星期五,60
2016/11/27 星期日,2016/11/18 星期五,94
2016/11/27 星期日,2016/11/19 星期六,28
2016/11/27 星期日,2016/11/19 星期六,30
2016/11/27 星期日,2016/11/19 星期六,69
2016/11/27 星期日,2016/11/19 星期六,74
2016/11/27 星期日,2016/11/19 星期六,78
2016/11/27 星期日,2016/11/19 星期六,97
2016/11/27 星期日,2016/11/20 星期日,41
2016/11/27 星期日,2016/11/20 星期日,48
2016/11/27 星期日,2016/11/21 星期一,30
2016/11/27 星期日,2016/11/21 星期一,42
2016/11/27 星期日,2016/11/21 星期一,46
2016/11/27 星期日,2016/11/22 星期二,57
2016/11/27 星期日,2016/11/22 星期二,90
2016/11/27 星期日,2016/11/23 星期三,2
2016/11/27 星期日,2016/11/23 星期三,37
2016/11/27 星期日,2016/11/23 星期三,67
2016/11/27 星期日,2016/11/23 星期三,74
2016/11/27 星期日,2016/11/23 星期三,95
2016/11/27 星期日,2016/11/24 星期四,38
2016/11/27 星期日,2016/11/24 星期四,51
2016/11/27 星期日,2016/11/25 星期五,31
2016/11/27 星期日,2016/11/25 星期五,89
2016/11/27 星期日,2016/11/27 星期日,35
2016/11/27 星期日,2016/11/27 星期日,45
2016/11/27 星期日,2016/11/28 星期一,58
2016/11/27 星期日,2016/11/29 星期二,17
2016/11/27 星期日,2016/11/29 星期二,24
2016/11/27 星期日,2016/11/29 星期二,26
2016/11/27 星期日,2016/11/29 星期二,62
2016/11/27 星期日,2016/11/29 星期二,85
2016/11/27 星期日,2016/11/29 星期二,94
2016/11/27 星期日,2016/11/30 星期三,69
2016/11/27 星期日,2016/11/30 星期三,70
2016/11/28 星期一,2016/11/1 星期二,49
2016/11/28 星期一,2016/11/2 星期三,24
2016/11/28 星期一,2016/11/2 星期三,59
2016/11/28 星期一,2016/11/2 星期三,67
2016/11/28 星期一,2016/11/3 星期四,26
2016/11/28 星期一,2016/11/3 星期四,91
2016/11/28 星期一,2016/11/4 星期五,16
2016/11/28 星期一,2016/11/4 星期五,46
2016/11/28 星期一,2016/11/5 星期六,22
2016/11/28 星期一,2016/11/5 星期六,34
2016/11/28 星期一,2016/11/5 星期六,91
2016/11/28 星期一,2016/11/5 星期六,96
2016/11/28 星期一,2016/11/6 星期日,9
2016/11/28 星期一,2016/11/7 星期一,4
2016/11/28 星期一,2016/11/7 星期一,10
2016/11/28 星期一,2016/11/7 星期一,40
2016/11/28 星期一,2016/11/8 星期二,30
2016/11/28 星期一,2016/11/9 星期三,14
2016/11/28 星期一,2016/11/9 星期三,26
2016/11/28 星期一,2016/11/9 星期三,31
2016/11/28 星期一,2016/11/10 星期四,17
2016/11/28 星期一,2016/11/10 星期四,17
2016/11/28 星期一,2016/11/10 星期四,49
2016/11/28 星期一,2016/11/11 星期五,34
2016/11/28 星期一,2016/11/11 星期五,67
2016/11/28 星期一,2016/11/13 星期日,3
2016/11/28 星期一,2016/11/13 星期日,15
2016/11/28 星期一,2016/11/13 星期日,27
2016/11/28 星期一,2016/11/13 星期日,72
2016/11/28 星期一,2016/11/14 星期一,44
2016/11/28 星期一,2016/11/14 星期一,63
2016/11/28 星期一,2016/11/15 星期二,31
2016/11/28 星期一,2016/11/15 星期二,63
2016/11/28 星期一,2016/11/15 星期二,64
2016/11/28 星期一,2016/11/15 星期二,93
2016/11/28 星期一,2016/11/15 星期二,97
2016/11/28 星期一,2016/11/16 星期三,15
2016/11/28 星期一,2016/11/16 星期三,58
2016/11/28 星期一,2016/11/16 星期三,85
2016/11/28 星期一,2016/11/16 星期三,98
2016/11/28 星期一,2016/11/17 星期四,13
2016/11/28 星期一,2016/11/17 星期四,76
2016/11/28 星期一,2016/11/17 星期四,76
2016/11/28 星期一,2016/11/18 星期五,61
2016/11/28 星期一,2016/11/18 星期五,81
2016/11/28 星期一,2016/11/19 星期六,16
2016/11/28 星期一,2016/11/20 星期日,33
2016/11/28 星期一,2016/11/22 星期二,49
2016/11/28 星期一,2016/11/22 星期二,93
2016/11/28 星期一,2016/11/23 星期三,43
2016/11/28 星期一,2016/11/23 星期三,90
2016/11/28 星期一,2016/11/24 星期四,54
2016/11/28 星期一,2016/11/24 星期四,73
2016/11/28 星期一,2016/11/24 星期四,89
2016/11/28 星期一,2016/11/25 星期五,53
2016/11/28 星期一,2016/11/25 星期五,89
2016/11/28 星期一,2016/11/25 星期五,98
2016/11/28 星期一,2016/11/26 星期六,11
2016/11/28 星期一,2016/11/26 星期六,30
2016/11/28 星期一,2016/11/26 星期六,43
2016/11/28 星期一,2016/11/26 星期六,88
2016/11/28 星期一,2016/11/27 星期日,8
2016/11/28 星期一,2016/11/27 星期日,55
2016/11/28 星期一,2016/11/28 星期一,33
2016/11/28 星期一,2016/11/28 星期一,45
2016/11/28 星期一,2016/11/28 星期一,73
2016/11/28 星期一,2016/11/29 星期二,5
2016/11/28 星期一,2016/11/29 星期二,31
2016/11/28 星期一,2016/11/29 星期二,49
2016/11/28 星期一,2016/11/29 星期二,61
2016/11/28 星期一,2016/11/30 星期三,41
2016/11/29 星期二,2016/11/1 星期二,6
2016/11/29 星期二,2016/11/1 星期二,31
2016/11/29 星期二,2016/11/1 星期二,74
2016/11/29 星期二,2016/11/1 星期二,84
2016/11/29 星期二,2016/11/1 星期二,88
2016/11/29 星期二,2016/11/2 星期三,3
2016/11/29 星期二,2016/11/3 星期四,12
2016/11/29 星期二,2016/11/3 星期四,35
2016/11/29 星期二,2016/11/4 星期五,4
2016/11/29 星期二,2016/11/4 星期五,27
2016/11/29 星期二,2016/11/4 星期五,41
2016/11/29 星期二,2016/11/4 星期五,60
2016/11/29 星期二,2016/11/4 星期五,82
2016/11/29 星期二,2016/11/4 星期五,91
2016/11/29 星期二,2016/11/5 星期六,14
2016/11/29 星期二,2016/11/5 星期六,17
2016/11/29 星期二,2016/11/5 星期六,92
2016/11/29 星期二,2016/11/7 星期一,5
2016/11/29 星期二,2016/11/7 星期一,87
2016/11/29 星期二,2016/11/8 星期二,54
2016/11/29 星期二,2016/11/8 星期二,74
2016/11/29 星期二,2016/11/8 星期二,94
2016/11/29 星期二,2016/11/9 星期三,11
2016/11/29 星期二,2016/11/10 星期四,15
2016/11/29 星期二,2016/11/10 星期四,99
2016/11/29 星期二,2016/11/11 星期五,5
2016/11/29 星期二,2016/11/11 星期五,31
2016/11/29 星期二,2016/11/12 星期六,50
2016/11/29 星期二,2016/11/14 星期一,13
2016/11/29 星期二,2016/11/14 星期一,53
2016/11/29 星期二,2016/11/15 星期二,30
2016/11/29 星期二,2016/11/15 星期二,51
2016/11/29 星期二,2016/11/15 星期二,77
2016/11/29 星期二,2016/11/15 星期二,79
2016/11/29 星期二,2016/11/17 星期四,13
2016/11/29 星期二,2016/11/18 星期五,13
2016/11/29 星期二,2016/11/18 星期五,67
2016/11/29 星期二,2016/11/18 星期五,85
2016/11/29 星期二,2016/11/18 星期五,89
2016/11/29 星期二,2016/11/19 星期六,65
2016/11/29 星期二,2016/11/19 星期六,81
2016/11/29 星期二,2016/11/20 星期日,8
2016/11/29 星期二,2016/11/20 星期日,53
2016/11/29 星期二,2016/11/22 星期二,39
2016/11/29 星期二,2016/11/22 星期二,81
2016/11/29 星期二,2016/11/23 星期三,6
2016/11/29 星期二,2016/11/23 星期三,38
2016/11/29 星期二,2016/11/23 星期三,73
2016/11/29 星期二,2016/11/23 星期三,83
2016/11/29 星期二,2016/11/23 星期三,93
2016/11/29 星期二,2016/11/25 星期五,5
2016/11/29 星期二,2016/11/25 星期五,28
2016/11/29 星期二,2016/11/25 星期五,32
2016/11/29 星期二,2016/11/25 星期五,54
2016/11/29 星期二,2016/11/25 星期五,84
2016/11/29 星期二,2016/11/26 星期六,75
2016/11/29 星期二,2016/11/26 星期六,88
2016/11/29 星期二,2016/11/27 星期日,15
2016/11/29 星期二,2016/11/27 星期日,95
2016/11/29 星期二,2016/11/28 星期一,4
2016/11/29 星期二,2016/11/28 星期一,72
2016/11/29 星期二,2016/11/28 星期一,98
2016/11/29 星期二,2016/11/29 星期二,4
2016/11/29 星期二,2016/11/29 星期二,67
2016/11/29 星期二,2016/11/29 星期二,69
2016/11/29 星期二,2016/11/30 星期三,34
2016/11/29 星期二,2016/11/30 星期三,66
2016/11/29 星期二,2016/11/30 星期三,69
2016/11/29 星期二,2016/11/30 星期三,96
2016/11/29 星期二,2016/11/30 星期三,99
2016/11/30 星期三,2016/11/1 星期二,28
2016/11/30 星期三,2016/11/1 星期二,29
2016/11/30 星期三,2016/11/2 星期三,9
2016/11/30 星期三,2016/11/2 星期三,95
2016/11/30 星期三,2016/11/3 星期四,34
2016/11/30 星期三,2016/11/3 星期四,74
2016/11/30 星期三,2016/11/3 星期四,96
2016/11/30 星期三,2016/11/5 星期六,11
2016/11/30 星期三,2016/11/6 星期日,59
2016/11/30 星期三,2016/11/6 星期日,66
2016/11/30 星期三,2016/11/6 星期日,89
2016/11/30 星期三,2016/11/6 星期日,89
2016/11/30 星期三,2016/11/6 星期日,94
2016/11/30 星期三,2016/11/7 星期一,3
2016/11/30 星期三,2016/11/7 星期一,24
2016/11/30 星期三,2016/11/7 星期一,26
2016/11/30 星期三,2016/11/7 星期一,52
2016/11/30 星期三,2016/11/7 星期一,69
2016/11/30 星期三,2016/11/8 星期二,4
2016/11/30 星期三,2016/11/9 星期三,9
2016/11/30 星期三,2016/11/9 星期三,51
2016/11/30 星期三,2016/11/9 星期三,75
2016/11/30 星期三,2016/11/10 星期四,22
2016/11/30 星期三,2016/11/10 星期四,42
2016/11/30 星期三,2016/11/10 星期四,73
2016/11/30 星期三,2016/11/10 星期四,82
2016/11/30 星期三,2016/11/10 星期四,82
2016/11/30 星期三,2016/11/13 星期日,15
2016/11/30 星期三,2016/11/14 星期一,20
2016/11/30 星期三,2016/11/14 星期一,53
2016/11/30 星期三,2016/11/14 星期一,70
2016/11/30 星期三,2016/11/15 星期二,8
2016/11/30 星期三,2016/11/15 星期二,59
2016/11/30 星期三,2016/11/15 星期二,67
2016/11/30 星期三,2016/11/17 星期四,1
2016/11/30 星期三,2016/11/17 星期四,20
2016/11/30 星期三,2016/11/17 星期四,88
2016/11/30 星期三,2016/11/17 星期四,89
2016/11/30 星期三,2016/11/17 星期四,93
2016/11/30 星期三,2016/11/18 星期五,61
2016/11/30 星期三,2016/11/19 星期六,34
2016/11/30 星期三,2016/11/19 星期六,69
2016/11/30 星期三,2016/11/19 星期六,88
2016/11/30 星期三,2016/11/20 星期日,17
2016/11/30 星期三,2016/11/20 星期日,27
2016/11/30 星期三,2016/11/20 星期日,53
2016/11/30 星期三,2016/11/20 星期日,56
2016/11/30 星期三,2016/11/20 星期日,81
2016/11/30 星期三,2016/11/21 星期一,79
2016/11/30 星期三,2016/11/22 星期二,13
2016/11/30 星期三,2016/11/22 星期二,29
2016/11/30 星期三,2016/11/22 星期二,33
2016/11/30 星期三,2016/11/22 星期二,48
2016/11/30 星期三,2016/11/22 星期二,78
2016/11/30 星期三,2016/11/22 星期二,79
2016/11/30 星期三,2016/11/23 星期三,3
2016/11/30 星期三,2016/11/23 星期三,53
2016/11/30 星期三,2016/11/23 星期三,85
2016/11/30 星期三,2016/11/23 星期三,95
2016/11/30 星期三,2016/11/24 星期四,42
2016/11/30 星期三,2016/11/24 星期四,56
2016/11/30 星期三,2016/11/25 星期五,42
2016/11/30 星期三,2016/11/25 星期五,58
2016/11/30 星期三,2016/11/25 星期五,82
2016/11/30 星期三,2016/11/25 星期五,92
2016/11/30 星期三,2016/11/26 星期六,74
2016/11/30 星期三,2016/11/26 星期六,78
2016/11/30 星期三,2016/11/27 星期日,29
2016/11/30 星期三,2016/11/28 星期一,22
2016/11/30 星期三,2016/11/29 星期二,11
2016/11/30 星期三,2016/11/29 星期二,87
2016/11/30 星期三,2016/11/30 星期三,30
2016/11/30 星期三,2016/11/30 星期三,42
2016/11/30 星期三,2016/11/30 星期三,84
2016/11/30 星期三,2016/11/30 星期三,90
