,book_leverage,roa,log_assets,asset_tangibility,cash_holdings,ceo_payslice,gdp_growth,fed_funds,unemp_rate
book_leverage,1.0,-0.6344439673443529,-0.3420781181175197,0.0816203513804334,0.023449595612081875,0.05451594950872092,-0.003220531647311458,-0.023651109985451627,0.010380477739548736
roa,-0.6344439673443529,1.0,0.4820118699534174,-0.022903553193863675,-0.1759963973146748,0.0033308135357816805,0.005340498677210907,0.020885901781134062,-0.010246469903265944
log_assets,-0.3420781181175197,0.4820118699534174,1.0,0.059326228062994826,-0.38375625857934087,-0.010512103619942105,0.009085989198765704,-0.029942185564213963,-0.024981493974291898
asset_tangibility,0.0816203513804334,-0.022903553193863675,0.059326228062994826,1.0,-0.27359716804003464,0.006650274895325419,-0.01406799860168559,0.008212768276644264,0.01112225071841753
cash_holdings,0.023449595612081875,-0.1759963973146748,-0.38375625857934087,-0.27359716804003464,1.0,-0.04397208597724552,0.019077427417992763,-0.02492612719444795,-0.003287234564526234
ceo_payslice,0.05451594950872092,0.0033308135357816805,-0.010512103619942105,0.006650274895325419,-0.04397208597724552,1.0,0.035192727662592085,-0.04136650326150996,-0.020656403016216393
gdp_growth,-0.003220531647311458,0.005340498677210907,0.009085989198765704,-0.01406799860168559,0.019077427417992763,0.035192727662592085,1.0,0.03509878016251211,-0.2561714304904502
fed_funds,-0.023651109985451627,0.020885901781134062,-0.029942185564213963,0.008212768276644264,-0.02492612719444795,-0.04136650326150996,0.03509878016251211,1.0,-0.6396967060622192
unemp_rate,0.010380477739548736,-0.010246469903265944,-0.024981493974291898,0.01112225071841753,-0.003287234564526234,-0.020656403016216393,-0.2561714304904502,-0.6396967060622192,1.0
